date,fortune
2026-01-01,오늘은 마음이 조금 가벼워질 수 있습니다. 잠시 멈춰 자신을 돌아보는 시간이 도움이 됩니다. 오늘의 작은 미소가 내일의 힘이 될 수 있습니다.
2026-01-02,오늘은 마음이 조금 가벼워질 수 있습니다. 지금의 경험이 곧 의미 있는 이야기로 바뀔 수 있습니다. 오늘은 작은 기쁨을 발견할 가능성이 있습니다.
2026-01-03,마음속에 있던 작은 걱정이 조금씩 옅어질 수 있습니다. 작은 선택 하나가 긍정적인 흐름을 만들 수 있습니다. 오늘은 작은 기쁨을 발견할 가능성이 있습니다.
2026-01-04,생각보다 상황이 부드럽게 풀릴 가능성이 있습니다. 주변 사람과의 대화에서 예상 밖의 힌트를 얻을 수 있습니다. 잠시 쉬어가도 괜찮습니다.
2026-01-05,오늘은 마음이 조금 가벼워질 수 있습니다. 오늘은 듣는 자세가 큰 도움이 될 수 있습니다. 잠시 쉬어가도 괜찮습니다.
2026-01-06,당신이 해온 노력이 조용히 빛을 내기 시작할 수 있습니다. 주변 사람과의 대화에서 예상 밖의 힌트를 얻을 수 있습니다. 오늘의 작은 미소가 내일의 힘이 될 수 있습니다.
2026-01-07,마음속에 있던 작은 걱정이 조금씩 옅어질 수 있습니다. 작은 선택 하나가 긍정적인 흐름을 만들 수 있습니다. 오늘은 스스로에게 친절한 하루가 되길 바랍니다.
2026-01-08,천천히 가도 괜찮다는 신호가 보일 수 있습니다. 주변의 작은 친절이 큰 힘이 될 수 있습니다. 괜찮다는 마음 하나면 충분한 날입니다.
2026-01-09,오늘은 마음이 조금 가벼워질 수 있습니다. 평소보다 여유 있는 태도가 좋은 결과로 이어질 수 있습니다. 오늘의 작은 미소가 내일의 힘이 될 수 있습니다.
2026-01-10,마음속에 있던 작은 걱정이 조금씩 옅어질 수 있습니다. 사소한 변화가 좋은 방향으로 이어질 수 있습니다. 오늘의 작은 미소가 내일의 힘이 될 수 있습니다.
2026-01-11,마음속에 있던 작은 걱정이 조금씩 옅어질 수 있습니다. 지금의 경험이 곧 의미 있는 이야기로 바뀔 수 있습니다. 스스로를 다정하게 대하는 것이 가장 좋은 선택입니다.
2026-01-12,마음속에 있던 작은 걱정이 조금씩 옅어질 수 있습니다. 작은 선택 하나가 긍정적인 흐름을 만들 수 있습니다. 괜찮다는 마음 하나면 충분한 날입니다.
2026-01-13,오늘은 평소보다 따뜻한 기운이 주변에 머무를 수 있습니다. 주변 사람과의 대화에서 예상 밖의 힌트를 얻을 수 있습니다. 잠시 쉬어가도 괜찮습니다.
2026-01-14,마음속에 있던 작은 걱정이 조금씩 옅어질 수 있습니다. 잠시 멈춰 자신을 돌아보는 시간이 도움이 됩니다. 지금의 당신도 충분히 잘하고 있습니다.
2026-01-15,생각보다 상황이 부드럽게 풀릴 가능성이 있습니다. 주변의 작은 친절이 큰 힘이 될 수 있습니다. 당신의 하루가 조금 더 따뜻해지길 바랍니다.
2026-01-16,오늘 하루는 당신 편인 순간이 많을 수 있습니다. 잠시 멈춰 자신을 돌아보는 시간이 도움이 됩니다. 괜찮다는 마음 하나면 충분한 날입니다.
2026-01-17,생각보다 상황이 부드럽게 풀릴 가능성이 있습니다. 오늘은 듣는 자세가 큰 도움이 될 수 있습니다. 지금의 선택이 나중에 좋은 기억이 될 수 있습니다.
2026-01-18,당신이 해온 노력이 조용히 빛을 내기 시작할 수 있습니다. 조금 느리게 가는 것이 오히려 현명할 수 있습니다. 괜찮다는 마음 하나면 충분한 날입니다.
2026-01-19,생각보다 상황이 부드럽게 풀릴 가능성이 있습니다. 평소보다 여유 있는 태도가 좋은 결과로 이어질 수 있습니다. 괜찮다는 마음 하나면 충분한 날입니다.
2026-01-20,마음속에 있던 작은 걱정이 조금씩 옅어질 수 있습니다. 마음을 너무 다그치지 않는 것이 중요합니다. 오늘은 스스로에게 친절한 하루가 되길 바랍니다.
2026-01-21,오늘 하루는 스스로를 조금 더 믿어도 좋은 날입니다. 오늘은 듣는 자세가 큰 도움이 될 수 있습니다. 괜찮다는 마음 하나면 충분한 날입니다.
2026-01-22,천천히 가도 괜찮다는 신호가 보일 수 있습니다. 지금의 경험이 곧 의미 있는 이야기로 바뀔 수 있습니다. 오늘은 스스로에게 친절한 하루가 되길 바랍니다.
2026-01-23,오늘은 기대하지 않았던 위로를 만날 수도 있습니다. 조금 느리게 가는 것이 오히려 현명할 수 있습니다. 오늘의 작은 미소가 내일의 힘이 될 수 있습니다.
2026-01-24,지금까지 버텨온 당신에게 작은 휴식 같은 순간이 찾아올 수 있습니다. 지금의 경험이 곧 의미 있는 이야기로 바뀔 수 있습니다. 잠시 쉬어가도 괜찮습니다.
2026-01-25,오늘 하루는 스스로를 조금 더 믿어도 좋은 날입니다. 사소한 변화가 좋은 방향으로 이어질 수 있습니다. 오늘은 스스로에게 친절한 하루가 되길 바랍니다.
2026-01-26,생각보다 상황이 부드럽게 풀릴 가능성이 있습니다. 평소보다 여유 있는 태도가 좋은 결과로 이어질 수 있습니다. 오늘의 작은 미소가 내일의 힘이 될 수 있습니다.
2026-01-27,오늘은 평소보다 따뜻한 기운이 주변에 머무를 수 있습니다. 오늘은 듣는 자세가 큰 도움이 될 수 있습니다. 오늘은 작은 기쁨을 발견할 가능성이 있습니다.
2026-01-28,마음속에 있던 작은 걱정이 조금씩 옅어질 수 있습니다. 오늘은 듣는 자세가 큰 도움이 될 수 있습니다. 괜찮다는 마음 하나면 충분한 날입니다.
2026-01-29,오늘 하루는 당신 편인 순간이 많을 수 있습니다. 사소한 변화가 좋은 방향으로 이어질 수 있습니다. 오늘은 스스로에게 친절한 하루가 되길 바랍니다.
2026-01-30,마음속에 있던 작은 걱정이 조금씩 옅어질 수 있습니다. 주변의 작은 친절이 큰 힘이 될 수 있습니다. 지금의 당신도 충분히 잘하고 있습니다.
2026-01-31,생각보다 상황이 부드럽게 풀릴 가능성이 있습니다. 주변 사람과의 대화에서 예상 밖의 힌트를 얻을 수 있습니다. 지금의 당신도 충분히 잘하고 있습니다.
2026-02-01,생각보다 상황이 부드럽게 풀릴 가능성이 있습니다. 조금 느리게 가는 것이 오히려 현명할 수 있습니다. 괜찮다는 마음 하나면 충분한 날입니다.
2026-02-02,오늘 하루는 당신 편인 순간이 많을 수 있습니다. 잠시 멈춰 자신을 돌아보는 시간이 도움이 됩니다. 오늘은 스스로에게 친절한 하루가 되길 바랍니다.
2026-02-03,오늘은 마음이 조금 가벼워질 수 있습니다. 주변 사람과의 대화에서 예상 밖의 힌트를 얻을 수 있습니다. 오늘의 작은 미소가 내일의 힘이 될 수 있습니다.
2026-02-04,마음속에 있던 작은 걱정이 조금씩 옅어질 수 있습니다. 평소보다 여유 있는 태도가 좋은 결과로 이어질 수 있습니다. 지금의 선택이 나중에 좋은 기억이 될 수 있습니다.
2026-02-05,오늘은 평소보다 따뜻한 기운이 주변에 머무를 수 있습니다. 작은 선택 하나가 긍정적인 흐름을 만들 수 있습니다. 당신의 속도를 믿어도 좋습니다.
2026-02-06,오늘 하루는 당신 편인 순간이 많을 수 있습니다. 지금의 경험이 곧 의미 있는 이야기로 바뀔 수 있습니다. 당신의 하루가 조금 더 따뜻해지길 바랍니다.
2026-02-07,마음속에 있던 작은 걱정이 조금씩 옅어질 수 있습니다. 마음을 너무 다그치지 않는 것이 중요합니다. 잠시 쉬어가도 괜찮습니다.
2026-02-08,지금까지 버텨온 당신에게 작은 휴식 같은 순간이 찾아올 수 있습니다. 사소한 변화가 좋은 방향으로 이어질 수 있습니다. 지금의 선택이 나중에 좋은 기억이 될 수 있습니다.
2026-02-09,천천히 가도 괜찮다는 신호가 보일 수 있습니다. 사소한 변화가 좋은 방향으로 이어질 수 있습니다. 오늘은 스스로에게 친절한 하루가 되길 바랍니다.
2026-02-10,오늘 하루는 스스로를 조금 더 믿어도 좋은 날입니다. 작은 선택 하나가 긍정적인 흐름을 만들 수 있습니다. 오늘은 스스로에게 친절한 하루가 되길 바랍니다.
2026-02-11,오늘은 기대하지 않았던 위로를 만날 수도 있습니다. 주변의 작은 친절이 큰 힘이 될 수 있습니다. 스스로를 다정하게 대하는 것이 가장 좋은 선택입니다.
2026-02-12,오늘은 마음이 조금 가벼워질 수 있습니다. 주변 사람과의 대화에서 예상 밖의 힌트를 얻을 수 있습니다. 당신의 속도를 믿어도 좋습니다.
2026-02-13,오늘 하루는 스스로를 조금 더 믿어도 좋은 날입니다. 지금의 경험이 곧 의미 있는 이야기로 바뀔 수 있습니다. 당신의 하루가 조금 더 따뜻해지길 바랍니다.
2026-02-14,오늘은 평소보다 따뜻한 기운이 주변에 머무를 수 있습니다. 잠시 멈춰 자신을 돌아보는 시간이 도움이 됩니다. 괜찮다는 마음 하나면 충분한 날입니다.
2026-02-15,지금까지 버텨온 당신에게 작은 휴식 같은 순간이 찾아올 수 있습니다. 평소보다 여유 있는 태도가 좋은 결과로 이어질 수 있습니다. 잠시 쉬어가도 괜찮습니다.
2026-02-16,오늘은 마음이 조금 가벼워질 수 있습니다. 주변 사람과의 대화에서 예상 밖의 힌트를 얻을 수 있습니다. 당신의 하루가 조금 더 따뜻해지길 바랍니다.
2026-02-17,오늘은 기대하지 않았던 위로를 만날 수도 있습니다. 마음을 너무 다그치지 않는 것이 중요합니다. 괜찮다는 마음 하나면 충분한 날입니다.
2026-02-18,천천히 가도 괜찮다는 신호가 보일 수 있습니다. 오늘은 듣는 자세가 큰 도움이 될 수 있습니다. 당신의 속도를 믿어도 좋습니다.
2026-02-19,지금까지 버텨온 당신에게 작은 휴식 같은 순간이 찾아올 수 있습니다. 평소보다 여유 있는 태도가 좋은 결과로 이어질 수 있습니다. 당신의 속도를 믿어도 좋습니다.
2026-02-20,오늘은 평소보다 따뜻한 기운이 주변에 머무를 수 있습니다. 작은 선택 하나가 긍정적인 흐름을 만들 수 있습니다. 당신의 하루가 조금 더 따뜻해지길 바랍니다.
2026-02-21,지금까지 버텨온 당신에게 작은 휴식 같은 순간이 찾아올 수 있습니다. 조금 느리게 가는 것이 오히려 현명할 수 있습니다. 잠시 쉬어가도 괜찮습니다.
2026-02-22,지금까지 버텨온 당신에게 작은 휴식 같은 순간이 찾아올 수 있습니다. 주변 사람과의 대화에서 예상 밖의 힌트를 얻을 수 있습니다. 오늘의 작은 미소가 내일의 힘이 될 수 있습니다.
2026-02-23,오늘은 마음이 조금 가벼워질 수 있습니다. 지금의 경험이 곧 의미 있는 이야기로 바뀔 수 있습니다. 스스로를 다정하게 대하는 것이 가장 좋은 선택입니다.
2026-02-24,오늘은 기대하지 않았던 위로를 만날 수도 있습니다. 사소한 변화가 좋은 방향으로 이어질 수 있습니다. 잠시 쉬어가도 괜찮습니다.
2026-02-25,오늘은 기대하지 않았던 위로를 만날 수도 있습니다. 잠시 멈춰 자신을 돌아보는 시간이 도움이 됩니다. 괜찮다는 마음 하나면 충분한 날입니다.
2026-02-26,당신이 해온 노력이 조용히 빛을 내기 시작할 수 있습니다. 지금의 경험이 곧 의미 있는 이야기로 바뀔 수 있습니다. 잠시 쉬어가도 괜찮습니다.
2026-02-27,생각보다 상황이 부드럽게 풀릴 가능성이 있습니다. 작은 선택 하나가 긍정적인 흐름을 만들 수 있습니다. 스스로를 다정하게 대하는 것이 가장 좋은 선택입니다.
2026-02-28,천천히 가도 괜찮다는 신호가 보일 수 있습니다. 작은 선택 하나가 긍정적인 흐름을 만들 수 있습니다. 잠시 쉬어가도 괜찮습니다.
2026-03-01,천천히 가도 괜찮다는 신호가 보일 수 있습니다. 작은 선택 하나가 긍정적인 흐름을 만들 수 있습니다. 괜찮다는 마음 하나면 충분한 날입니다.
2026-03-02,오늘은 기대하지 않았던 위로를 만날 수도 있습니다. 평소보다 여유 있는 태도가 좋은 결과로 이어질 수 있습니다. 스스로를 다정하게 대하는 것이 가장 좋은 선택입니다.
2026-03-03,천천히 가도 괜찮다는 신호가 보일 수 있습니다. 주변의 작은 친절이 큰 힘이 될 수 있습니다. 스스로를 다정하게 대하는 것이 가장 좋은 선택입니다.
2026-03-04,오늘 하루는 당신 편인 순간이 많을 수 있습니다. 주변의 작은 친절이 큰 힘이 될 수 있습니다. 스스로를 다정하게 대하는 것이 가장 좋은 선택입니다.
2026-03-05,오늘은 기대하지 않았던 위로를 만날 수도 있습니다. 조금 느리게 가는 것이 오히려 현명할 수 있습니다. 오늘의 작은 미소가 내일의 힘이 될 수 있습니다.
2026-03-06,당신이 해온 노력이 조용히 빛을 내기 시작할 수 있습니다. 지금의 경험이 곧 의미 있는 이야기로 바뀔 수 있습니다. 당신의 속도를 믿어도 좋습니다.
2026-03-07,마음속에 있던 작은 걱정이 조금씩 옅어질 수 있습니다. 작은 선택 하나가 긍정적인 흐름을 만들 수 있습니다. 잠시 쉬어가도 괜찮습니다.
2026-03-08,지금까지 버텨온 당신에게 작은 휴식 같은 순간이 찾아올 수 있습니다. 잠시 멈춰 자신을 돌아보는 시간이 도움이 됩니다. 당신의 속도를 믿어도 좋습니다.
2026-03-09,오늘 하루는 당신 편인 순간이 많을 수 있습니다. 사소한 변화가 좋은 방향으로 이어질 수 있습니다. 잠시 쉬어가도 괜찮습니다.
2026-03-10,오늘은 기대하지 않았던 위로를 만날 수도 있습니다. 주변의 작은 친절이 큰 힘이 될 수 있습니다. 당신의 하루가 조금 더 따뜻해지길 바랍니다.
2026-03-11,마음속에 있던 작은 걱정이 조금씩 옅어질 수 있습니다. 지금의 경험이 곧 의미 있는 이야기로 바뀔 수 있습니다. 괜찮다는 마음 하나면 충분한 날입니다.
2026-03-12,생각보다 상황이 부드럽게 풀릴 가능성이 있습니다. 오늘은 듣는 자세가 큰 도움이 될 수 있습니다. 오늘은 스스로에게 친절한 하루가 되길 바랍니다.
2026-03-13,지금까지 버텨온 당신에게 작은 휴식 같은 순간이 찾아올 수 있습니다. 주변의 작은 친절이 큰 힘이 될 수 있습니다. 지금의 선택이 나중에 좋은 기억이 될 수 있습니다.
2026-03-14,오늘 하루는 당신 편인 순간이 많을 수 있습니다. 마음을 너무 다그치지 않는 것이 중요합니다. 지금의 선택이 나중에 좋은 기억이 될 수 있습니다.
2026-03-15,오늘은 마음이 조금 가벼워질 수 있습니다. 잠시 멈춰 자신을 돌아보는 시간이 도움이 됩니다. 오늘은 작은 기쁨을 발견할 가능성이 있습니다.
2026-03-16,오늘 하루는 스스로를 조금 더 믿어도 좋은 날입니다. 마음을 너무 다그치지 않는 것이 중요합니다. 괜찮다는 마음 하나면 충분한 날입니다.
2026-03-17,오늘은 평소보다 따뜻한 기운이 주변에 머무를 수 있습니다. 조금 느리게 가는 것이 오히려 현명할 수 있습니다. 오늘은 작은 기쁨을 발견할 가능성이 있습니다.
2026-03-18,오늘 하루는 스스로를 조금 더 믿어도 좋은 날입니다. 작은 선택 하나가 긍정적인 흐름을 만들 수 있습니다. 당신의 속도를 믿어도 좋습니다.
2026-03-19,마음속에 있던 작은 걱정이 조금씩 옅어질 수 있습니다. 잠시 멈춰 자신을 돌아보는 시간이 도움이 됩니다. 잠시 쉬어가도 괜찮습니다.
2026-03-20,지금까지 버텨온 당신에게 작은 휴식 같은 순간이 찾아올 수 있습니다. 마음을 너무 다그치지 않는 것이 중요합니다. 괜찮다는 마음 하나면 충분한 날입니다.
2026-03-21,오늘은 기대하지 않았던 위로를 만날 수도 있습니다. 오늘은 듣는 자세가 큰 도움이 될 수 있습니다. 오늘의 작은 미소가 내일의 힘이 될 수 있습니다.
2026-03-22,생각보다 상황이 부드럽게 풀릴 가능성이 있습니다. 마음을 너무 다그치지 않는 것이 중요합니다. 지금의 당신도 충분히 잘하고 있습니다.
2026-03-23,지금까지 버텨온 당신에게 작은 휴식 같은 순간이 찾아올 수 있습니다. 조금 느리게 가는 것이 오히려 현명할 수 있습니다. 당신의 속도를 믿어도 좋습니다.
2026-03-24,오늘은 평소보다 따뜻한 기운이 주변에 머무를 수 있습니다. 지금의 경험이 곧 의미 있는 이야기로 바뀔 수 있습니다. 오늘은 작은 기쁨을 발견할 가능성이 있습니다.
2026-03-25,오늘 하루는 당신 편인 순간이 많을 수 있습니다. 주변 사람과의 대화에서 예상 밖의 힌트를 얻을 수 있습니다. 당신의 속도를 믿어도 좋습니다.
2026-03-26,오늘은 마음이 조금 가벼워질 수 있습니다. 지금의 경험이 곧 의미 있는 이야기로 바뀔 수 있습니다. 당신의 하루가 조금 더 따뜻해지길 바랍니다.
2026-03-27,당신이 해온 노력이 조용히 빛을 내기 시작할 수 있습니다. 마음을 너무 다그치지 않는 것이 중요합니다. 지금의 당신도 충분히 잘하고 있습니다.
2026-03-28,오늘 하루는 당신 편인 순간이 많을 수 있습니다. 사소한 변화가 좋은 방향으로 이어질 수 있습니다. 지금의 선택이 나중에 좋은 기억이 될 수 있습니다.
2026-03-29,오늘은 기대하지 않았던 위로를 만날 수도 있습니다. 잠시 멈춰 자신을 돌아보는 시간이 도움이 됩니다. 오늘은 스스로에게 친절한 하루가 되길 바랍니다.
2026-03-30,오늘 하루는 당신 편인 순간이 많을 수 있습니다. 잠시 멈춰 자신을 돌아보는 시간이 도움이 됩니다. 괜찮다는 마음 하나면 충분한 날입니다.
2026-03-31,당신이 해온 노력이 조용히 빛을 내기 시작할 수 있습니다. 사소한 변화가 좋은 방향으로 이어질 수 있습니다. 지금의 당신도 충분히 잘하고 있습니다.
2026-04-01,오늘 하루는 스스로를 조금 더 믿어도 좋은 날입니다. 주변 사람과의 대화에서 예상 밖의 힌트를 얻을 수 있습니다. 잠시 쉬어가도 괜찮습니다.
2026-04-02,오늘 하루는 스스로를 조금 더 믿어도 좋은 날입니다. 조금 느리게 가는 것이 오히려 현명할 수 있습니다. 잠시 쉬어가도 괜찮습니다.
2026-04-03,오늘 하루는 스스로를 조금 더 믿어도 좋은 날입니다. 오늘은 듣는 자세가 큰 도움이 될 수 있습니다. 스스로를 다정하게 대하는 것이 가장 좋은 선택입니다.
2026-04-04,지금까지 버텨온 당신에게 작은 휴식 같은 순간이 찾아올 수 있습니다. 잠시 멈춰 자신을 돌아보는 시간이 도움이 됩니다. 지금의 선택이 나중에 좋은 기억이 될 수 있습니다.
2026-04-05,오늘 하루는 당신 편인 순간이 많을 수 있습니다. 조금 느리게 가는 것이 오히려 현명할 수 있습니다. 괜찮다는 마음 하나면 충분한 날입니다.
2026-04-06,오늘은 마음이 조금 가벼워질 수 있습니다. 조금 느리게 가는 것이 오히려 현명할 수 있습니다. 오늘은 작은 기쁨을 발견할 가능성이 있습니다.
2026-04-07,당신이 해온 노력이 조용히 빛을 내기 시작할 수 있습니다. 주변 사람과의 대화에서 예상 밖의 힌트를 얻을 수 있습니다. 오늘의 작은 미소가 내일의 힘이 될 수 있습니다.
2026-04-08,생각보다 상황이 부드럽게 풀릴 가능성이 있습니다. 평소보다 여유 있는 태도가 좋은 결과로 이어질 수 있습니다. 잠시 쉬어가도 괜찮습니다.
2026-04-09,지금까지 버텨온 당신에게 작은 휴식 같은 순간이 찾아올 수 있습니다. 오늘은 듣는 자세가 큰 도움이 될 수 있습니다. 지금의 당신도 충분히 잘하고 있습니다.
2026-04-10,지금까지 버텨온 당신에게 작은 휴식 같은 순간이 찾아올 수 있습니다. 작은 선택 하나가 긍정적인 흐름을 만들 수 있습니다. 스스로를 다정하게 대하는 것이 가장 좋은 선택입니다.
2026-04-11,지금까지 버텨온 당신에게 작은 휴식 같은 순간이 찾아올 수 있습니다. 작은 선택 하나가 긍정적인 흐름을 만들 수 있습니다. 오늘은 스스로에게 친절한 하루가 되길 바랍니다.
2026-04-12,지금까지 버텨온 당신에게 작은 휴식 같은 순간이 찾아올 수 있습니다. 작은 선택 하나가 긍정적인 흐름을 만들 수 있습니다. 잠시 쉬어가도 괜찮습니다.
2026-04-13,지금까지 버텨온 당신에게 작은 휴식 같은 순간이 찾아올 수 있습니다. 사소한 변화가 좋은 방향으로 이어질 수 있습니다. 당신의 하루가 조금 더 따뜻해지길 바랍니다.
2026-04-14,지금까지 버텨온 당신에게 작은 휴식 같은 순간이 찾아올 수 있습니다. 지금의 경험이 곧 의미 있는 이야기로 바뀔 수 있습니다. 지금의 선택이 나중에 좋은 기억이 될 수 있습니다.
2026-04-15,지금까지 버텨온 당신에게 작은 휴식 같은 순간이 찾아올 수 있습니다. 조금 느리게 가는 것이 오히려 현명할 수 있습니다. 지금의 선택이 나중에 좋은 기억이 될 수 있습니다.
2026-04-16,천천히 가도 괜찮다는 신호가 보일 수 있습니다. 지금의 경험이 곧 의미 있는 이야기로 바뀔 수 있습니다. 지금의 선택이 나중에 좋은 기억이 될 수 있습니다.
2026-04-17,오늘은 마음이 조금 가벼워질 수 있습니다. 잠시 멈춰 자신을 돌아보는 시간이 도움이 됩니다. 괜찮다는 마음 하나면 충분한 날입니다.
2026-04-18,천천히 가도 괜찮다는 신호가 보일 수 있습니다. 주변의 작은 친절이 큰 힘이 될 수 있습니다. 잠시 쉬어가도 괜찮습니다.
2026-04-19,오늘 하루는 당신 편인 순간이 많을 수 있습니다. 사소한 변화가 좋은 방향으로 이어질 수 있습니다. 오늘은 작은 기쁨을 발견할 가능성이 있습니다.
2026-04-20,오늘은 마음이 조금 가벼워질 수 있습니다. 잠시 멈춰 자신을 돌아보는 시간이 도움이 됩니다. 오늘은 스스로에게 친절한 하루가 되길 바랍니다.
2026-04-21,지금까지 버텨온 당신에게 작은 휴식 같은 순간이 찾아올 수 있습니다. 작은 선택 하나가 긍정적인 흐름을 만들 수 있습니다. 스스로를 다정하게 대하는 것이 가장 좋은 선택입니다.
2026-04-22,지금까지 버텨온 당신에게 작은 휴식 같은 순간이 찾아올 수 있습니다. 작은 선택 하나가 긍정적인 흐름을 만들 수 있습니다. 괜찮다는 마음 하나면 충분한 날입니다.
2026-04-23,마음속에 있던 작은 걱정이 조금씩 옅어질 수 있습니다. 조금 느리게 가는 것이 오히려 현명할 수 있습니다. 오늘은 스스로에게 친절한 하루가 되길 바랍니다.
2026-04-24,마음속에 있던 작은 걱정이 조금씩 옅어질 수 있습니다. 사소한 변화가 좋은 방향으로 이어질 수 있습니다. 오늘은 스스로에게 친절한 하루가 되길 바랍니다.
2026-04-25,생각보다 상황이 부드럽게 풀릴 가능성이 있습니다. 조금 느리게 가는 것이 오히려 현명할 수 있습니다. 오늘의 작은 미소가 내일의 힘이 될 수 있습니다.
2026-04-26,오늘은 평소보다 따뜻한 기운이 주변에 머무를 수 있습니다. 지금의 경험이 곧 의미 있는 이야기로 바뀔 수 있습니다. 당신의 속도를 믿어도 좋습니다.
2026-04-27,오늘은 기대하지 않았던 위로를 만날 수도 있습니다. 사소한 변화가 좋은 방향으로 이어질 수 있습니다. 지금의 선택이 나중에 좋은 기억이 될 수 있습니다.
2026-04-28,오늘 하루는 스스로를 조금 더 믿어도 좋은 날입니다. 주변 사람과의 대화에서 예상 밖의 힌트를 얻을 수 있습니다. 괜찮다는 마음 하나면 충분한 날입니다.
2026-04-29,오늘은 기대하지 않았던 위로를 만날 수도 있습니다. 마음을 너무 다그치지 않는 것이 중요합니다. 괜찮다는 마음 하나면 충분한 날입니다.
2026-04-30,오늘은 마음이 조금 가벼워질 수 있습니다. 조금 느리게 가는 것이 오히려 현명할 수 있습니다. 지금의 당신도 충분히 잘하고 있습니다.
2026-05-01,지금까지 버텨온 당신에게 작은 휴식 같은 순간이 찾아올 수 있습니다. 주변 사람과의 대화에서 예상 밖의 힌트를 얻을 수 있습니다. 당신의 하루가 조금 더 따뜻해지길 바랍니다.
2026-05-02,당신이 해온 노력이 조용히 빛을 내기 시작할 수 있습니다. 오늘은 듣는 자세가 큰 도움이 될 수 있습니다. 오늘의 작은 미소가 내일의 힘이 될 수 있습니다.
2026-05-03,오늘 하루는 스스로를 조금 더 믿어도 좋은 날입니다. 마음을 너무 다그치지 않는 것이 중요합니다. 오늘은 작은 기쁨을 발견할 가능성이 있습니다.
2026-05-04,오늘 하루는 당신 편인 순간이 많을 수 있습니다. 주변 사람과의 대화에서 예상 밖의 힌트를 얻을 수 있습니다. 잠시 쉬어가도 괜찮습니다.
2026-05-05,오늘 하루는 당신 편인 순간이 많을 수 있습니다. 주변 사람과의 대화에서 예상 밖의 힌트를 얻을 수 있습니다. 지금의 선택이 나중에 좋은 기억이 될 수 있습니다.
2026-05-06,오늘 하루는 당신 편인 순간이 많을 수 있습니다. 마음을 너무 다그치지 않는 것이 중요합니다. 오늘은 작은 기쁨을 발견할 가능성이 있습니다.
2026-05-07,천천히 가도 괜찮다는 신호가 보일 수 있습니다. 마음을 너무 다그치지 않는 것이 중요합니다. 당신의 하루가 조금 더 따뜻해지길 바랍니다.
2026-05-08,생각보다 상황이 부드럽게 풀릴 가능성이 있습니다. 오늘은 듣는 자세가 큰 도움이 될 수 있습니다. 지금의 선택이 나중에 좋은 기억이 될 수 있습니다.
2026-05-09,오늘은 마음이 조금 가벼워질 수 있습니다. 마음을 너무 다그치지 않는 것이 중요합니다. 오늘은 작은 기쁨을 발견할 가능성이 있습니다.
2026-05-10,오늘 하루는 당신 편인 순간이 많을 수 있습니다. 사소한 변화가 좋은 방향으로 이어질 수 있습니다. 괜찮다는 마음 하나면 충분한 날입니다.
2026-05-11,오늘은 마음이 조금 가벼워질 수 있습니다. 주변의 작은 친절이 큰 힘이 될 수 있습니다. 잠시 쉬어가도 괜찮습니다.
2026-05-12,오늘은 기대하지 않았던 위로를 만날 수도 있습니다. 사소한 변화가 좋은 방향으로 이어질 수 있습니다. 잠시 쉬어가도 괜찮습니다.
2026-05-13,천천히 가도 괜찮다는 신호가 보일 수 있습니다. 지금의 경험이 곧 의미 있는 이야기로 바뀔 수 있습니다. 지금의 선택이 나중에 좋은 기억이 될 수 있습니다.
2026-05-14,당신이 해온 노력이 조용히 빛을 내기 시작할 수 있습니다. 오늘은 듣는 자세가 큰 도움이 될 수 있습니다. 지금의 당신도 충분히 잘하고 있습니다.
2026-05-15,오늘 하루는 스스로를 조금 더 믿어도 좋은 날입니다. 잠시 멈춰 자신을 돌아보는 시간이 도움이 됩니다. 지금의 당신도 충분히 잘하고 있습니다.
2026-05-16,천천히 가도 괜찮다는 신호가 보일 수 있습니다. 평소보다 여유 있는 태도가 좋은 결과로 이어질 수 있습니다. 지금의 당신도 충분히 잘하고 있습니다.
2026-05-17,오늘 하루는 스스로를 조금 더 믿어도 좋은 날입니다. 주변의 작은 친절이 큰 힘이 될 수 있습니다. 당신의 속도를 믿어도 좋습니다.
2026-05-18,마음속에 있던 작은 걱정이 조금씩 옅어질 수 있습니다. 평소보다 여유 있는 태도가 좋은 결과로 이어질 수 있습니다. 오늘은 스스로에게 친절한 하루가 되길 바랍니다.
2026-05-19,오늘 하루는 스스로를 조금 더 믿어도 좋은 날입니다. 오늘은 듣는 자세가 큰 도움이 될 수 있습니다. 오늘은 스스로에게 친절한 하루가 되길 바랍니다.
2026-05-20,오늘은 기대하지 않았던 위로를 만날 수도 있습니다. 조금 느리게 가는 것이 오히려 현명할 수 있습니다. 지금의 선택이 나중에 좋은 기억이 될 수 있습니다.
2026-05-21,당신이 해온 노력이 조용히 빛을 내기 시작할 수 있습니다. 마음을 너무 다그치지 않는 것이 중요합니다. 당신의 하루가 조금 더 따뜻해지길 바랍니다.
2026-05-22,마음속에 있던 작은 걱정이 조금씩 옅어질 수 있습니다. 마음을 너무 다그치지 않는 것이 중요합니다. 당신의 하루가 조금 더 따뜻해지길 바랍니다.
2026-05-23,지금까지 버텨온 당신에게 작은 휴식 같은 순간이 찾아올 수 있습니다. 주변 사람과의 대화에서 예상 밖의 힌트를 얻을 수 있습니다. 당신의 하루가 조금 더 따뜻해지길 바랍니다.
2026-05-24,마음속에 있던 작은 걱정이 조금씩 옅어질 수 있습니다. 지금의 경험이 곧 의미 있는 이야기로 바뀔 수 있습니다. 지금의 선택이 나중에 좋은 기억이 될 수 있습니다.
2026-05-25,오늘은 기대하지 않았던 위로를 만날 수도 있습니다. 지금의 경험이 곧 의미 있는 이야기로 바뀔 수 있습니다. 오늘은 스스로에게 친절한 하루가 되길 바랍니다.
2026-05-26,생각보다 상황이 부드럽게 풀릴 가능성이 있습니다. 작은 선택 하나가 긍정적인 흐름을 만들 수 있습니다. 당신의 하루가 조금 더 따뜻해지길 바랍니다.
2026-05-27,당신이 해온 노력이 조용히 빛을 내기 시작할 수 있습니다. 지금의 경험이 곧 의미 있는 이야기로 바뀔 수 있습니다. 괜찮다는 마음 하나면 충분한 날입니다.
2026-05-28,지금까지 버텨온 당신에게 작은 휴식 같은 순간이 찾아올 수 있습니다. 잠시 멈춰 자신을 돌아보는 시간이 도움이 됩니다. 지금의 선택이 나중에 좋은 기억이 될 수 있습니다.
2026-05-29,생각보다 상황이 부드럽게 풀릴 가능성이 있습니다. 오늘은 듣는 자세가 큰 도움이 될 수 있습니다. 오늘의 작은 미소가 내일의 힘이 될 수 있습니다.
2026-05-30,마음속에 있던 작은 걱정이 조금씩 옅어질 수 있습니다. 잠시 멈춰 자신을 돌아보는 시간이 도움이 됩니다. 오늘은 스스로에게 친절한 하루가 되길 바랍니다.
2026-05-31,당신이 해온 노력이 조용히 빛을 내기 시작할 수 있습니다. 지금의 경험이 곧 의미 있는 이야기로 바뀔 수 있습니다. 오늘은 작은 기쁨을 발견할 가능성이 있습니다.
2026-06-01,오늘은 마음이 조금 가벼워질 수 있습니다. 작은 선택 하나가 긍정적인 흐름을 만들 수 있습니다. 지금의 당신도 충분히 잘하고 있습니다.
2026-06-02,오늘은 마음이 조금 가벼워질 수 있습니다. 지금의 경험이 곧 의미 있는 이야기로 바뀔 수 있습니다. 괜찮다는 마음 하나면 충분한 날입니다.
2026-06-03,오늘은 기대하지 않았던 위로를 만날 수도 있습니다. 작은 선택 하나가 긍정적인 흐름을 만들 수 있습니다. 오늘의 작은 미소가 내일의 힘이 될 수 있습니다.
2026-06-04,오늘 하루는 당신 편인 순간이 많을 수 있습니다. 주변의 작은 친절이 큰 힘이 될 수 있습니다. 오늘의 작은 미소가 내일의 힘이 될 수 있습니다.
2026-06-05,생각보다 상황이 부드럽게 풀릴 가능성이 있습니다. 지금의 경험이 곧 의미 있는 이야기로 바뀔 수 있습니다. 오늘은 스스로에게 친절한 하루가 되길 바랍니다.
2026-06-06,오늘 하루는 당신 편인 순간이 많을 수 있습니다. 평소보다 여유 있는 태도가 좋은 결과로 이어질 수 있습니다. 당신의 하루가 조금 더 따뜻해지길 바랍니다.
2026-06-07,오늘은 기대하지 않았던 위로를 만날 수도 있습니다. 주변의 작은 친절이 큰 힘이 될 수 있습니다. 당신의 속도를 믿어도 좋습니다.
2026-06-08,당신이 해온 노력이 조용히 빛을 내기 시작할 수 있습니다. 평소보다 여유 있는 태도가 좋은 결과로 이어질 수 있습니다. 당신의 속도를 믿어도 좋습니다.
2026-06-09,천천히 가도 괜찮다는 신호가 보일 수 있습니다. 주변 사람과의 대화에서 예상 밖의 힌트를 얻을 수 있습니다. 오늘은 작은 기쁨을 발견할 가능성이 있습니다.
2026-06-10,오늘 하루는 스스로를 조금 더 믿어도 좋은 날입니다. 오늘은 듣는 자세가 큰 도움이 될 수 있습니다. 오늘은 작은 기쁨을 발견할 가능성이 있습니다.
2026-06-11,생각보다 상황이 부드럽게 풀릴 가능성이 있습니다. 오늘은 듣는 자세가 큰 도움이 될 수 있습니다. 오늘의 작은 미소가 내일의 힘이 될 수 있습니다.
2026-06-12,당신이 해온 노력이 조용히 빛을 내기 시작할 수 있습니다. 마음을 너무 다그치지 않는 것이 중요합니다. 당신의 하루가 조금 더 따뜻해지길 바랍니다.
2026-06-13,당신이 해온 노력이 조용히 빛을 내기 시작할 수 있습니다. 오늘은 듣는 자세가 큰 도움이 될 수 있습니다. 오늘은 스스로에게 친절한 하루가 되길 바랍니다.
2026-06-14,마음속에 있던 작은 걱정이 조금씩 옅어질 수 있습니다. 오늘은 듣는 자세가 큰 도움이 될 수 있습니다. 스스로를 다정하게 대하는 것이 가장 좋은 선택입니다.
2026-06-15,오늘은 마음이 조금 가벼워질 수 있습니다. 주변의 작은 친절이 큰 힘이 될 수 있습니다. 잠시 쉬어가도 괜찮습니다.
2026-06-16,오늘은 평소보다 따뜻한 기운이 주변에 머무를 수 있습니다. 지금의 경험이 곧 의미 있는 이야기로 바뀔 수 있습니다. 괜찮다는 마음 하나면 충분한 날입니다.
2026-06-17,마음속에 있던 작은 걱정이 조금씩 옅어질 수 있습니다. 마음을 너무 다그치지 않는 것이 중요합니다. 당신의 하루가 조금 더 따뜻해지길 바랍니다.
2026-06-18,오늘은 마음이 조금 가벼워질 수 있습니다. 작은 선택 하나가 긍정적인 흐름을 만들 수 있습니다. 스스로를 다정하게 대하는 것이 가장 좋은 선택입니다.
2026-06-19,천천히 가도 괜찮다는 신호가 보일 수 있습니다. 작은 선택 하나가 긍정적인 흐름을 만들 수 있습니다. 당신의 하루가 조금 더 따뜻해지길 바랍니다.
2026-06-20,오늘 하루는 당신 편인 순간이 많을 수 있습니다. 오늘은 듣는 자세가 큰 도움이 될 수 있습니다. 당신의 속도를 믿어도 좋습니다.
2026-06-21,오늘은 기대하지 않았던 위로를 만날 수도 있습니다. 잠시 멈춰 자신을 돌아보는 시간이 도움이 됩니다. 괜찮다는 마음 하나면 충분한 날입니다.
2026-06-22,당신이 해온 노력이 조용히 빛을 내기 시작할 수 있습니다. 지금의 경험이 곧 의미 있는 이야기로 바뀔 수 있습니다. 지금의 당신도 충분히 잘하고 있습니다.
2026-06-23,오늘은 마음이 조금 가벼워질 수 있습니다. 주변 사람과의 대화에서 예상 밖의 힌트를 얻을 수 있습니다. 괜찮다는 마음 하나면 충분한 날입니다.
2026-06-24,마음속에 있던 작은 걱정이 조금씩 옅어질 수 있습니다. 작은 선택 하나가 긍정적인 흐름을 만들 수 있습니다. 당신의 속도를 믿어도 좋습니다.
2026-06-25,천천히 가도 괜찮다는 신호가 보일 수 있습니다. 주변 사람과의 대화에서 예상 밖의 힌트를 얻을 수 있습니다. 스스로를 다정하게 대하는 것이 가장 좋은 선택입니다.
2026-06-26,마음속에 있던 작은 걱정이 조금씩 옅어질 수 있습니다. 평소보다 여유 있는 태도가 좋은 결과로 이어질 수 있습니다. 당신의 하루가 조금 더 따뜻해지길 바랍니다.
2026-06-27,마음속에 있던 작은 걱정이 조금씩 옅어질 수 있습니다. 주변 사람과의 대화에서 예상 밖의 힌트를 얻을 수 있습니다. 스스로를 다정하게 대하는 것이 가장 좋은 선택입니다.
2026-06-28,오늘은 평소보다 따뜻한 기운이 주변에 머무를 수 있습니다. 평소보다 여유 있는 태도가 좋은 결과로 이어질 수 있습니다. 잠시 쉬어가도 괜찮습니다.
2026-06-29,오늘 하루는 스스로를 조금 더 믿어도 좋은 날입니다. 주변 사람과의 대화에서 예상 밖의 힌트를 얻을 수 있습니다. 잠시 쉬어가도 괜찮습니다.
2026-06-30,오늘은 평소보다 따뜻한 기운이 주변에 머무를 수 있습니다. 오늘은 듣는 자세가 큰 도움이 될 수 있습니다. 지금의 당신도 충분히 잘하고 있습니다.
2026-07-01,오늘은 평소보다 따뜻한 기운이 주변에 머무를 수 있습니다. 잠시 멈춰 자신을 돌아보는 시간이 도움이 됩니다. 괜찮다는 마음 하나면 충분한 날입니다.
2026-07-02,오늘은 마음이 조금 가벼워질 수 있습니다. 주변 사람과의 대화에서 예상 밖의 힌트를 얻을 수 있습니다. 당신의 하루가 조금 더 따뜻해지길 바랍니다.
2026-07-03,지금까지 버텨온 당신에게 작은 휴식 같은 순간이 찾아올 수 있습니다. 오늘은 듣는 자세가 큰 도움이 될 수 있습니다. 잠시 쉬어가도 괜찮습니다.
2026-07-04,지금까지 버텨온 당신에게 작은 휴식 같은 순간이 찾아올 수 있습니다. 지금의 경험이 곧 의미 있는 이야기로 바뀔 수 있습니다. 지금의 당신도 충분히 잘하고 있습니다.
2026-07-05,천천히 가도 괜찮다는 신호가 보일 수 있습니다. 사소한 변화가 좋은 방향으로 이어질 수 있습니다. 오늘은 작은 기쁨을 발견할 가능성이 있습니다.
2026-07-06,천천히 가도 괜찮다는 신호가 보일 수 있습니다. 오늘은 듣는 자세가 큰 도움이 될 수 있습니다. 지금의 당신도 충분히 잘하고 있습니다.
2026-07-07,지금까지 버텨온 당신에게 작은 휴식 같은 순간이 찾아올 수 있습니다. 작은 선택 하나가 긍정적인 흐름을 만들 수 있습니다. 지금의 선택이 나중에 좋은 기억이 될 수 있습니다.
2026-07-08,천천히 가도 괜찮다는 신호가 보일 수 있습니다. 사소한 변화가 좋은 방향으로 이어질 수 있습니다. 지금의 선택이 나중에 좋은 기억이 될 수 있습니다.
2026-07-09,오늘은 평소보다 따뜻한 기운이 주변에 머무를 수 있습니다. 마음을 너무 다그치지 않는 것이 중요합니다. 당신의 하루가 조금 더 따뜻해지길 바랍니다.
2026-07-10,오늘은 기대하지 않았던 위로를 만날 수도 있습니다. 마음을 너무 다그치지 않는 것이 중요합니다. 오늘의 작은 미소가 내일의 힘이 될 수 있습니다.
2026-07-11,지금까지 버텨온 당신에게 작은 휴식 같은 순간이 찾아올 수 있습니다. 주변 사람과의 대화에서 예상 밖의 힌트를 얻을 수 있습니다. 지금의 선택이 나중에 좋은 기억이 될 수 있습니다.
2026-07-12,오늘은 평소보다 따뜻한 기운이 주변에 머무를 수 있습니다. 평소보다 여유 있는 태도가 좋은 결과로 이어질 수 있습니다. 스스로를 다정하게 대하는 것이 가장 좋은 선택입니다.
2026-07-13,오늘은 평소보다 따뜻한 기운이 주변에 머무를 수 있습니다. 마음을 너무 다그치지 않는 것이 중요합니다. 당신의 하루가 조금 더 따뜻해지길 바랍니다.
2026-07-14,오늘 하루는 스스로를 조금 더 믿어도 좋은 날입니다. 평소보다 여유 있는 태도가 좋은 결과로 이어질 수 있습니다. 잠시 쉬어가도 괜찮습니다.
2026-07-15,당신이 해온 노력이 조용히 빛을 내기 시작할 수 있습니다. 조금 느리게 가는 것이 오히려 현명할 수 있습니다. 당신의 하루가 조금 더 따뜻해지길 바랍니다.
2026-07-16,오늘 하루는 당신 편인 순간이 많을 수 있습니다. 작은 선택 하나가 긍정적인 흐름을 만들 수 있습니다. 스스로를 다정하게 대하는 것이 가장 좋은 선택입니다.
2026-07-17,당신이 해온 노력이 조용히 빛을 내기 시작할 수 있습니다. 사소한 변화가 좋은 방향으로 이어질 수 있습니다. 지금의 선택이 나중에 좋은 기억이 될 수 있습니다.
2026-07-18,오늘은 기대하지 않았던 위로를 만날 수도 있습니다. 사소한 변화가 좋은 방향으로 이어질 수 있습니다. 스스로를 다정하게 대하는 것이 가장 좋은 선택입니다.
2026-07-19,마음속에 있던 작은 걱정이 조금씩 옅어질 수 있습니다. 조금 느리게 가는 것이 오히려 현명할 수 있습니다. 잠시 쉬어가도 괜찮습니다.
2026-07-20,오늘 하루는 당신 편인 순간이 많을 수 있습니다. 지금의 경험이 곧 의미 있는 이야기로 바뀔 수 있습니다. 오늘의 작은 미소가 내일의 힘이 될 수 있습니다.
2026-07-21,오늘은 평소보다 따뜻한 기운이 주변에 머무를 수 있습니다. 평소보다 여유 있는 태도가 좋은 결과로 이어질 수 있습니다. 오늘의 작은 미소가 내일의 힘이 될 수 있습니다.
2026-07-22,오늘은 마음이 조금 가벼워질 수 있습니다. 평소보다 여유 있는 태도가 좋은 결과로 이어질 수 있습니다. 지금의 당신도 충분히 잘하고 있습니다.
2026-07-23,당신이 해온 노력이 조용히 빛을 내기 시작할 수 있습니다. 마음을 너무 다그치지 않는 것이 중요합니다. 당신의 속도를 믿어도 좋습니다.
2026-07-24,지금까지 버텨온 당신에게 작은 휴식 같은 순간이 찾아올 수 있습니다. 사소한 변화가 좋은 방향으로 이어질 수 있습니다. 지금의 당신도 충분히 잘하고 있습니다.
2026-07-25,생각보다 상황이 부드럽게 풀릴 가능성이 있습니다. 지금의 경험이 곧 의미 있는 이야기로 바뀔 수 있습니다. 괜찮다는 마음 하나면 충분한 날입니다.
2026-07-26,생각보다 상황이 부드럽게 풀릴 가능성이 있습니다. 오늘은 듣는 자세가 큰 도움이 될 수 있습니다. 지금의 선택이 나중에 좋은 기억이 될 수 있습니다.
2026-07-27,마음속에 있던 작은 걱정이 조금씩 옅어질 수 있습니다. 주변의 작은 친절이 큰 힘이 될 수 있습니다. 오늘은 작은 기쁨을 발견할 가능성이 있습니다.
2026-07-28,오늘은 평소보다 따뜻한 기운이 주변에 머무를 수 있습니다. 조금 느리게 가는 것이 오히려 현명할 수 있습니다. 지금의 당신도 충분히 잘하고 있습니다.
2026-07-29,천천히 가도 괜찮다는 신호가 보일 수 있습니다. 주변의 작은 친절이 큰 힘이 될 수 있습니다. 괜찮다는 마음 하나면 충분한 날입니다.
2026-07-30,마음속에 있던 작은 걱정이 조금씩 옅어질 수 있습니다. 주변 사람과의 대화에서 예상 밖의 힌트를 얻을 수 있습니다. 오늘의 작은 미소가 내일의 힘이 될 수 있습니다.
2026-07-31,오늘은 마음이 조금 가벼워질 수 있습니다. 주변의 작은 친절이 큰 힘이 될 수 있습니다. 지금의 선택이 나중에 좋은 기억이 될 수 있습니다.
2026-08-01,지금까지 버텨온 당신에게 작은 휴식 같은 순간이 찾아올 수 있습니다. 잠시 멈춰 자신을 돌아보는 시간이 도움이 됩니다. 오늘은 작은 기쁨을 발견할 가능성이 있습니다.
2026-08-02,오늘 하루는 스스로를 조금 더 믿어도 좋은 날입니다. 작은 선택 하나가 긍정적인 흐름을 만들 수 있습니다. 스스로를 다정하게 대하는 것이 가장 좋은 선택입니다.
2026-08-03,오늘은 기대하지 않았던 위로를 만날 수도 있습니다. 주변 사람과의 대화에서 예상 밖의 힌트를 얻을 수 있습니다. 오늘은 작은 기쁨을 발견할 가능성이 있습니다.
2026-08-04,오늘은 평소보다 따뜻한 기운이 주변에 머무를 수 있습니다. 작은 선택 하나가 긍정적인 흐름을 만들 수 있습니다. 지금의 당신도 충분히 잘하고 있습니다.
2026-08-05,생각보다 상황이 부드럽게 풀릴 가능성이 있습니다. 주변 사람과의 대화에서 예상 밖의 힌트를 얻을 수 있습니다. 지금의 선택이 나중에 좋은 기억이 될 수 있습니다.
2026-08-06,지금까지 버텨온 당신에게 작은 휴식 같은 순간이 찾아올 수 있습니다. 조금 느리게 가는 것이 오히려 현명할 수 있습니다. 오늘은 스스로에게 친절한 하루가 되길 바랍니다.
2026-08-07,지금까지 버텨온 당신에게 작은 휴식 같은 순간이 찾아올 수 있습니다. 마음을 너무 다그치지 않는 것이 중요합니다. 오늘의 작은 미소가 내일의 힘이 될 수 있습니다.
2026-08-08,당신이 해온 노력이 조용히 빛을 내기 시작할 수 있습니다. 주변 사람과의 대화에서 예상 밖의 힌트를 얻을 수 있습니다. 잠시 쉬어가도 괜찮습니다.
2026-08-09,당신이 해온 노력이 조용히 빛을 내기 시작할 수 있습니다. 조금 느리게 가는 것이 오히려 현명할 수 있습니다. 괜찮다는 마음 하나면 충분한 날입니다.
2026-08-10,오늘 하루는 스스로를 조금 더 믿어도 좋은 날입니다. 잠시 멈춰 자신을 돌아보는 시간이 도움이 됩니다. 당신의 하루가 조금 더 따뜻해지길 바랍니다.
2026-08-11,당신이 해온 노력이 조용히 빛을 내기 시작할 수 있습니다. 사소한 변화가 좋은 방향으로 이어질 수 있습니다. 괜찮다는 마음 하나면 충분한 날입니다.
2026-08-12,생각보다 상황이 부드럽게 풀릴 가능성이 있습니다. 마음을 너무 다그치지 않는 것이 중요합니다. 지금의 선택이 나중에 좋은 기억이 될 수 있습니다.
2026-08-13,당신이 해온 노력이 조용히 빛을 내기 시작할 수 있습니다. 작은 선택 하나가 긍정적인 흐름을 만들 수 있습니다. 오늘은 스스로에게 친절한 하루가 되길 바랍니다.
2026-08-14,지금까지 버텨온 당신에게 작은 휴식 같은 순간이 찾아올 수 있습니다. 오늘은 듣는 자세가 큰 도움이 될 수 있습니다. 괜찮다는 마음 하나면 충분한 날입니다.
2026-08-15,마음속에 있던 작은 걱정이 조금씩 옅어질 수 있습니다. 주변의 작은 친절이 큰 힘이 될 수 있습니다. 스스로를 다정하게 대하는 것이 가장 좋은 선택입니다.
2026-08-16,마음속에 있던 작은 걱정이 조금씩 옅어질 수 있습니다. 작은 선택 하나가 긍정적인 흐름을 만들 수 있습니다. 스스로를 다정하게 대하는 것이 가장 좋은 선택입니다.
2026-08-17,오늘 하루는 당신 편인 순간이 많을 수 있습니다. 주변의 작은 친절이 큰 힘이 될 수 있습니다. 오늘의 작은 미소가 내일의 힘이 될 수 있습니다.
2026-08-18,오늘은 평소보다 따뜻한 기운이 주변에 머무를 수 있습니다. 잠시 멈춰 자신을 돌아보는 시간이 도움이 됩니다. 지금의 당신도 충분히 잘하고 있습니다.
2026-08-19,지금까지 버텨온 당신에게 작은 휴식 같은 순간이 찾아올 수 있습니다. 작은 선택 하나가 긍정적인 흐름을 만들 수 있습니다. 스스로를 다정하게 대하는 것이 가장 좋은 선택입니다.
2026-08-20,당신이 해온 노력이 조용히 빛을 내기 시작할 수 있습니다. 오늘은 듣는 자세가 큰 도움이 될 수 있습니다. 괜찮다는 마음 하나면 충분한 날입니다.
2026-08-21,오늘은 마음이 조금 가벼워질 수 있습니다. 지금의 경험이 곧 의미 있는 이야기로 바뀔 수 있습니다. 오늘은 작은 기쁨을 발견할 가능성이 있습니다.
2026-08-22,생각보다 상황이 부드럽게 풀릴 가능성이 있습니다. 주변 사람과의 대화에서 예상 밖의 힌트를 얻을 수 있습니다. 오늘은 작은 기쁨을 발견할 가능성이 있습니다.
2026-08-23,오늘은 기대하지 않았던 위로를 만날 수도 있습니다. 조금 느리게 가는 것이 오히려 현명할 수 있습니다. 지금의 당신도 충분히 잘하고 있습니다.
2026-08-24,생각보다 상황이 부드럽게 풀릴 가능성이 있습니다. 오늘은 듣는 자세가 큰 도움이 될 수 있습니다. 당신의 속도를 믿어도 좋습니다.
2026-08-25,오늘은 마음이 조금 가벼워질 수 있습니다. 조금 느리게 가는 것이 오히려 현명할 수 있습니다. 잠시 쉬어가도 괜찮습니다.
2026-08-26,오늘 하루는 당신 편인 순간이 많을 수 있습니다. 평소보다 여유 있는 태도가 좋은 결과로 이어질 수 있습니다. 잠시 쉬어가도 괜찮습니다.
2026-08-27,오늘은 평소보다 따뜻한 기운이 주변에 머무를 수 있습니다. 평소보다 여유 있는 태도가 좋은 결과로 이어질 수 있습니다. 스스로를 다정하게 대하는 것이 가장 좋은 선택입니다.
2026-08-28,생각보다 상황이 부드럽게 풀릴 가능성이 있습니다. 잠시 멈춰 자신을 돌아보는 시간이 도움이 됩니다. 당신의 하루가 조금 더 따뜻해지길 바랍니다.
2026-08-29,오늘 하루는 스스로를 조금 더 믿어도 좋은 날입니다. 주변 사람과의 대화에서 예상 밖의 힌트를 얻을 수 있습니다. 오늘은 작은 기쁨을 발견할 가능성이 있습니다.
2026-08-30,오늘은 평소보다 따뜻한 기운이 주변에 머무를 수 있습니다. 주변의 작은 친절이 큰 힘이 될 수 있습니다. 당신의 속도를 믿어도 좋습니다.
2026-08-31,마음속에 있던 작은 걱정이 조금씩 옅어질 수 있습니다. 잠시 멈춰 자신을 돌아보는 시간이 도움이 됩니다. 지금의 선택이 나중에 좋은 기억이 될 수 있습니다.
2026-09-01,마음속에 있던 작은 걱정이 조금씩 옅어질 수 있습니다. 마음을 너무 다그치지 않는 것이 중요합니다. 당신의 하루가 조금 더 따뜻해지길 바랍니다.
2026-09-02,오늘은 기대하지 않았던 위로를 만날 수도 있습니다. 오늘은 듣는 자세가 큰 도움이 될 수 있습니다. 스스로를 다정하게 대하는 것이 가장 좋은 선택입니다.
2026-09-03,오늘 하루는 스스로를 조금 더 믿어도 좋은 날입니다. 사소한 변화가 좋은 방향으로 이어질 수 있습니다. 오늘은 작은 기쁨을 발견할 가능성이 있습니다.
2026-09-04,오늘은 기대하지 않았던 위로를 만날 수도 있습니다. 작은 선택 하나가 긍정적인 흐름을 만들 수 있습니다. 오늘은 스스로에게 친절한 하루가 되길 바랍니다.
2026-09-05,천천히 가도 괜찮다는 신호가 보일 수 있습니다. 오늘은 듣는 자세가 큰 도움이 될 수 있습니다. 오늘은 작은 기쁨을 발견할 가능성이 있습니다.
2026-09-06,오늘 하루는 스스로를 조금 더 믿어도 좋은 날입니다. 잠시 멈춰 자신을 돌아보는 시간이 도움이 됩니다. 당신의 속도를 믿어도 좋습니다.
2026-09-07,마음속에 있던 작은 걱정이 조금씩 옅어질 수 있습니다. 잠시 멈춰 자신을 돌아보는 시간이 도움이 됩니다. 괜찮다는 마음 하나면 충분한 날입니다.
2026-09-08,오늘 하루는 스스로를 조금 더 믿어도 좋은 날입니다. 주변 사람과의 대화에서 예상 밖의 힌트를 얻을 수 있습니다. 잠시 쉬어가도 괜찮습니다.
2026-09-09,오늘은 평소보다 따뜻한 기운이 주변에 머무를 수 있습니다. 평소보다 여유 있는 태도가 좋은 결과로 이어질 수 있습니다. 지금의 당신도 충분히 잘하고 있습니다.
2026-09-10,오늘 하루는 스스로를 조금 더 믿어도 좋은 날입니다. 오늘은 듣는 자세가 큰 도움이 될 수 있습니다. 오늘은 작은 기쁨을 발견할 가능성이 있습니다.
2026-09-11,오늘 하루는 당신 편인 순간이 많을 수 있습니다. 오늘은 듣는 자세가 큰 도움이 될 수 있습니다. 스스로를 다정하게 대하는 것이 가장 좋은 선택입니다.
2026-09-12,오늘 하루는 스스로를 조금 더 믿어도 좋은 날입니다. 주변의 작은 친절이 큰 힘이 될 수 있습니다. 오늘의 작은 미소가 내일의 힘이 될 수 있습니다.
2026-09-13,당신이 해온 노력이 조용히 빛을 내기 시작할 수 있습니다. 마음을 너무 다그치지 않는 것이 중요합니다. 당신의 속도를 믿어도 좋습니다.
2026-09-14,오늘은 기대하지 않았던 위로를 만날 수도 있습니다. 주변의 작은 친절이 큰 힘이 될 수 있습니다. 지금의 당신도 충분히 잘하고 있습니다.
2026-09-15,생각보다 상황이 부드럽게 풀릴 가능성이 있습니다. 마음을 너무 다그치지 않는 것이 중요합니다. 지금의 당신도 충분히 잘하고 있습니다.
2026-09-16,지금까지 버텨온 당신에게 작은 휴식 같은 순간이 찾아올 수 있습니다. 주변의 작은 친절이 큰 힘이 될 수 있습니다. 지금의 당신도 충분히 잘하고 있습니다.
2026-09-17,오늘 하루는 당신 편인 순간이 많을 수 있습니다. 사소한 변화가 좋은 방향으로 이어질 수 있습니다. 지금의 당신도 충분히 잘하고 있습니다.
2026-09-18,당신이 해온 노력이 조용히 빛을 내기 시작할 수 있습니다. 작은 선택 하나가 긍정적인 흐름을 만들 수 있습니다. 오늘은 스스로에게 친절한 하루가 되길 바랍니다.
2026-09-19,당신이 해온 노력이 조용히 빛을 내기 시작할 수 있습니다. 잠시 멈춰 자신을 돌아보는 시간이 도움이 됩니다. 지금의 당신도 충분히 잘하고 있습니다.
2026-09-20,당신이 해온 노력이 조용히 빛을 내기 시작할 수 있습니다. 오늘은 듣는 자세가 큰 도움이 될 수 있습니다. 오늘은 작은 기쁨을 발견할 가능성이 있습니다.
2026-09-21,마음속에 있던 작은 걱정이 조금씩 옅어질 수 있습니다. 지금의 경험이 곧 의미 있는 이야기로 바뀔 수 있습니다. 오늘은 스스로에게 친절한 하루가 되길 바랍니다.
2026-09-22,당신이 해온 노력이 조용히 빛을 내기 시작할 수 있습니다. 조금 느리게 가는 것이 오히려 현명할 수 있습니다. 잠시 쉬어가도 괜찮습니다.
2026-09-23,당신이 해온 노력이 조용히 빛을 내기 시작할 수 있습니다. 오늘은 듣는 자세가 큰 도움이 될 수 있습니다. 잠시 쉬어가도 괜찮습니다.
2026-09-24,오늘 하루는 당신 편인 순간이 많을 수 있습니다. 주변의 작은 친절이 큰 힘이 될 수 있습니다. 괜찮다는 마음 하나면 충분한 날입니다.
2026-09-25,생각보다 상황이 부드럽게 풀릴 가능성이 있습니다. 주변 사람과의 대화에서 예상 밖의 힌트를 얻을 수 있습니다. 당신의 하루가 조금 더 따뜻해지길 바랍니다.
2026-09-26,오늘은 마음이 조금 가벼워질 수 있습니다. 잠시 멈춰 자신을 돌아보는 시간이 도움이 됩니다. 스스로를 다정하게 대하는 것이 가장 좋은 선택입니다.
2026-09-27,오늘은 평소보다 따뜻한 기운이 주변에 머무를 수 있습니다. 조금 느리게 가는 것이 오히려 현명할 수 있습니다. 당신의 하루가 조금 더 따뜻해지길 바랍니다.
2026-09-28,오늘은 평소보다 따뜻한 기운이 주변에 머무를 수 있습니다. 주변 사람과의 대화에서 예상 밖의 힌트를 얻을 수 있습니다. 오늘의 작은 미소가 내일의 힘이 될 수 있습니다.
2026-09-29,마음속에 있던 작은 걱정이 조금씩 옅어질 수 있습니다. 마음을 너무 다그치지 않는 것이 중요합니다. 괜찮다는 마음 하나면 충분한 날입니다.
2026-09-30,오늘은 평소보다 따뜻한 기운이 주변에 머무를 수 있습니다. 오늘은 듣는 자세가 큰 도움이 될 수 있습니다. 괜찮다는 마음 하나면 충분한 날입니다.
2026-10-01,마음속에 있던 작은 걱정이 조금씩 옅어질 수 있습니다. 사소한 변화가 좋은 방향으로 이어질 수 있습니다. 스스로를 다정하게 대하는 것이 가장 좋은 선택입니다.
2026-10-02,오늘 하루는 당신 편인 순간이 많을 수 있습니다. 마음을 너무 다그치지 않는 것이 중요합니다. 당신의 하루가 조금 더 따뜻해지길 바랍니다.
2026-10-03,천천히 가도 괜찮다는 신호가 보일 수 있습니다. 사소한 변화가 좋은 방향으로 이어질 수 있습니다. 스스로를 다정하게 대하는 것이 가장 좋은 선택입니다.
2026-10-04,오늘 하루는 스스로를 조금 더 믿어도 좋은 날입니다. 작은 선택 하나가 긍정적인 흐름을 만들 수 있습니다. 잠시 쉬어가도 괜찮습니다.
2026-10-05,오늘은 평소보다 따뜻한 기운이 주변에 머무를 수 있습니다. 작은 선택 하나가 긍정적인 흐름을 만들 수 있습니다. 당신의 하루가 조금 더 따뜻해지길 바랍니다.
2026-10-06,생각보다 상황이 부드럽게 풀릴 가능성이 있습니다. 주변의 작은 친절이 큰 힘이 될 수 있습니다. 오늘은 스스로에게 친절한 하루가 되길 바랍니다.
2026-10-07,오늘은 마음이 조금 가벼워질 수 있습니다. 잠시 멈춰 자신을 돌아보는 시간이 도움이 됩니다. 잠시 쉬어가도 괜찮습니다.
2026-10-08,오늘은 마음이 조금 가벼워질 수 있습니다. 작은 선택 하나가 긍정적인 흐름을 만들 수 있습니다. 괜찮다는 마음 하나면 충분한 날입니다.
2026-10-09,오늘은 마음이 조금 가벼워질 수 있습니다. 마음을 너무 다그치지 않는 것이 중요합니다. 당신의 속도를 믿어도 좋습니다.
2026-10-10,지금까지 버텨온 당신에게 작은 휴식 같은 순간이 찾아올 수 있습니다. 주변의 작은 친절이 큰 힘이 될 수 있습니다. 지금의 선택이 나중에 좋은 기억이 될 수 있습니다.
2026-10-11,천천히 가도 괜찮다는 신호가 보일 수 있습니다. 주변 사람과의 대화에서 예상 밖의 힌트를 얻을 수 있습니다. 당신의 하루가 조금 더 따뜻해지길 바랍니다.
2026-10-12,오늘 하루는 당신 편인 순간이 많을 수 있습니다. 주변의 작은 친절이 큰 힘이 될 수 있습니다. 오늘의 작은 미소가 내일의 힘이 될 수 있습니다.
2026-10-13,당신이 해온 노력이 조용히 빛을 내기 시작할 수 있습니다. 주변 사람과의 대화에서 예상 밖의 힌트를 얻을 수 있습니다. 오늘은 스스로에게 친절한 하루가 되길 바랍니다.
2026-10-14,오늘 하루는 당신 편인 순간이 많을 수 있습니다. 평소보다 여유 있는 태도가 좋은 결과로 이어질 수 있습니다. 당신의 하루가 조금 더 따뜻해지길 바랍니다.
2026-10-15,오늘은 기대하지 않았던 위로를 만날 수도 있습니다. 마음을 너무 다그치지 않는 것이 중요합니다. 괜찮다는 마음 하나면 충분한 날입니다.
2026-10-16,마음속에 있던 작은 걱정이 조금씩 옅어질 수 있습니다. 사소한 변화가 좋은 방향으로 이어질 수 있습니다. 오늘은 작은 기쁨을 발견할 가능성이 있습니다.
2026-10-17,지금까지 버텨온 당신에게 작은 휴식 같은 순간이 찾아올 수 있습니다. 주변의 작은 친절이 큰 힘이 될 수 있습니다. 스스로를 다정하게 대하는 것이 가장 좋은 선택입니다.
2026-10-18,오늘은 기대하지 않았던 위로를 만날 수도 있습니다. 잠시 멈춰 자신을 돌아보는 시간이 도움이 됩니다. 스스로를 다정하게 대하는 것이 가장 좋은 선택입니다.
2026-10-19,오늘 하루는 당신 편인 순간이 많을 수 있습니다. 조금 느리게 가는 것이 오히려 현명할 수 있습니다. 괜찮다는 마음 하나면 충분한 날입니다.
2026-10-20,오늘 하루는 당신 편인 순간이 많을 수 있습니다. 오늘은 듣는 자세가 큰 도움이 될 수 있습니다. 스스로를 다정하게 대하는 것이 가장 좋은 선택입니다.
2026-10-21,오늘은 마음이 조금 가벼워질 수 있습니다. 조금 느리게 가는 것이 오히려 현명할 수 있습니다. 당신의 속도를 믿어도 좋습니다.
2026-10-22,마음속에 있던 작은 걱정이 조금씩 옅어질 수 있습니다. 주변 사람과의 대화에서 예상 밖의 힌트를 얻을 수 있습니다. 오늘은 스스로에게 친절한 하루가 되길 바랍니다.
2026-10-23,오늘은 기대하지 않았던 위로를 만날 수도 있습니다. 주변 사람과의 대화에서 예상 밖의 힌트를 얻을 수 있습니다. 오늘은 작은 기쁨을 발견할 가능성이 있습니다.
2026-10-24,오늘 하루는 스스로를 조금 더 믿어도 좋은 날입니다. 지금의 경험이 곧 의미 있는 이야기로 바뀔 수 있습니다. 오늘은 작은 기쁨을 발견할 가능성이 있습니다.
2026-10-25,오늘은 기대하지 않았던 위로를 만날 수도 있습니다. 평소보다 여유 있는 태도가 좋은 결과로 이어질 수 있습니다. 잠시 쉬어가도 괜찮습니다.
2026-10-26,오늘은 평소보다 따뜻한 기운이 주변에 머무를 수 있습니다. 지금의 경험이 곧 의미 있는 이야기로 바뀔 수 있습니다. 지금의 당신도 충분히 잘하고 있습니다.
2026-10-27,천천히 가도 괜찮다는 신호가 보일 수 있습니다. 마음을 너무 다그치지 않는 것이 중요합니다. 괜찮다는 마음 하나면 충분한 날입니다.
2026-10-28,오늘은 평소보다 따뜻한 기운이 주변에 머무를 수 있습니다. 사소한 변화가 좋은 방향으로 이어질 수 있습니다. 지금의 선택이 나중에 좋은 기억이 될 수 있습니다.
2026-10-29,지금까지 버텨온 당신에게 작은 휴식 같은 순간이 찾아올 수 있습니다. 마음을 너무 다그치지 않는 것이 중요합니다. 당신의 속도를 믿어도 좋습니다.
2026-10-30,오늘 하루는 스스로를 조금 더 믿어도 좋은 날입니다. 마음을 너무 다그치지 않는 것이 중요합니다. 오늘의 작은 미소가 내일의 힘이 될 수 있습니다.
2026-10-31,오늘은 기대하지 않았던 위로를 만날 수도 있습니다. 지금의 경험이 곧 의미 있는 이야기로 바뀔 수 있습니다. 당신의 속도를 믿어도 좋습니다.
2026-11-01,당신이 해온 노력이 조용히 빛을 내기 시작할 수 있습니다. 조금 느리게 가는 것이 오히려 현명할 수 있습니다. 오늘은 작은 기쁨을 발견할 가능성이 있습니다.
2026-11-02,마음속에 있던 작은 걱정이 조금씩 옅어질 수 있습니다. 오늘은 듣는 자세가 큰 도움이 될 수 있습니다. 당신의 속도를 믿어도 좋습니다.
2026-11-03,오늘 하루는 스스로를 조금 더 믿어도 좋은 날입니다. 주변 사람과의 대화에서 예상 밖의 힌트를 얻을 수 있습니다. 오늘은 작은 기쁨을 발견할 가능성이 있습니다.
2026-11-04,당신이 해온 노력이 조용히 빛을 내기 시작할 수 있습니다. 조금 느리게 가는 것이 오히려 현명할 수 있습니다. 오늘은 스스로에게 친절한 하루가 되길 바랍니다.
2026-11-05,오늘은 마음이 조금 가벼워질 수 있습니다. 평소보다 여유 있는 태도가 좋은 결과로 이어질 수 있습니다. 당신의 속도를 믿어도 좋습니다.
2026-11-06,오늘 하루는 당신 편인 순간이 많을 수 있습니다. 조금 느리게 가는 것이 오히려 현명할 수 있습니다. 당신의 속도를 믿어도 좋습니다.
2026-11-07,마음속에 있던 작은 걱정이 조금씩 옅어질 수 있습니다. 오늘은 듣는 자세가 큰 도움이 될 수 있습니다. 오늘의 작은 미소가 내일의 힘이 될 수 있습니다.
2026-11-08,생각보다 상황이 부드럽게 풀릴 가능성이 있습니다. 사소한 변화가 좋은 방향으로 이어질 수 있습니다. 당신의 하루가 조금 더 따뜻해지길 바랍니다.
2026-11-09,천천히 가도 괜찮다는 신호가 보일 수 있습니다. 평소보다 여유 있는 태도가 좋은 결과로 이어질 수 있습니다. 당신의 하루가 조금 더 따뜻해지길 바랍니다.
2026-11-10,오늘 하루는 스스로를 조금 더 믿어도 좋은 날입니다. 사소한 변화가 좋은 방향으로 이어질 수 있습니다. 오늘은 작은 기쁨을 발견할 가능성이 있습니다.
2026-11-11,오늘은 기대하지 않았던 위로를 만날 수도 있습니다. 작은 선택 하나가 긍정적인 흐름을 만들 수 있습니다. 지금의 선택이 나중에 좋은 기억이 될 수 있습니다.
2026-11-12,생각보다 상황이 부드럽게 풀릴 가능성이 있습니다. 평소보다 여유 있는 태도가 좋은 결과로 이어질 수 있습니다. 지금의 선택이 나중에 좋은 기억이 될 수 있습니다.
2026-11-13,오늘은 평소보다 따뜻한 기운이 주변에 머무를 수 있습니다. 지금의 경험이 곧 의미 있는 이야기로 바뀔 수 있습니다. 오늘은 스스로에게 친절한 하루가 되길 바랍니다.
2026-11-14,오늘은 평소보다 따뜻한 기운이 주변에 머무를 수 있습니다. 지금의 경험이 곧 의미 있는 이야기로 바뀔 수 있습니다. 오늘은 스스로에게 친절한 하루가 되길 바랍니다.
2026-11-15,당신이 해온 노력이 조용히 빛을 내기 시작할 수 있습니다. 평소보다 여유 있는 태도가 좋은 결과로 이어질 수 있습니다. 오늘은 스스로에게 친절한 하루가 되길 바랍니다.
2026-11-16,오늘은 마음이 조금 가벼워질 수 있습니다. 잠시 멈춰 자신을 돌아보는 시간이 도움이 됩니다. 스스로를 다정하게 대하는 것이 가장 좋은 선택입니다.
2026-11-17,오늘 하루는 스스로를 조금 더 믿어도 좋은 날입니다. 오늘은 듣는 자세가 큰 도움이 될 수 있습니다. 스스로를 다정하게 대하는 것이 가장 좋은 선택입니다.
2026-11-18,오늘 하루는 당신 편인 순간이 많을 수 있습니다. 지금의 경험이 곧 의미 있는 이야기로 바뀔 수 있습니다. 오늘은 스스로에게 친절한 하루가 되길 바랍니다.
2026-11-19,오늘은 평소보다 따뜻한 기운이 주변에 머무를 수 있습니다. 오늘은 듣는 자세가 큰 도움이 될 수 있습니다. 괜찮다는 마음 하나면 충분한 날입니다.
2026-11-20,오늘은 마음이 조금 가벼워질 수 있습니다. 마음을 너무 다그치지 않는 것이 중요합니다. 오늘은 작은 기쁨을 발견할 가능성이 있습니다.
2026-11-21,당신이 해온 노력이 조용히 빛을 내기 시작할 수 있습니다. 사소한 변화가 좋은 방향으로 이어질 수 있습니다. 오늘의 작은 미소가 내일의 힘이 될 수 있습니다.
2026-11-22,당신이 해온 노력이 조용히 빛을 내기 시작할 수 있습니다. 평소보다 여유 있는 태도가 좋은 결과로 이어질 수 있습니다. 오늘의 작은 미소가 내일의 힘이 될 수 있습니다.
2026-11-23,오늘 하루는 당신 편인 순간이 많을 수 있습니다. 주변의 작은 친절이 큰 힘이 될 수 있습니다. 오늘은 작은 기쁨을 발견할 가능성이 있습니다.
2026-11-24,오늘은 평소보다 따뜻한 기운이 주변에 머무를 수 있습니다. 잠시 멈춰 자신을 돌아보는 시간이 도움이 됩니다. 당신의 속도를 믿어도 좋습니다.
2026-11-25,오늘은 마음이 조금 가벼워질 수 있습니다. 잠시 멈춰 자신을 돌아보는 시간이 도움이 됩니다. 지금의 당신도 충분히 잘하고 있습니다.
2026-11-26,천천히 가도 괜찮다는 신호가 보일 수 있습니다. 작은 선택 하나가 긍정적인 흐름을 만들 수 있습니다. 괜찮다는 마음 하나면 충분한 날입니다.
2026-11-27,오늘은 마음이 조금 가벼워질 수 있습니다. 사소한 변화가 좋은 방향으로 이어질 수 있습니다. 오늘은 스스로에게 친절한 하루가 되길 바랍니다.
2026-11-28,생각보다 상황이 부드럽게 풀릴 가능성이 있습니다. 잠시 멈춰 자신을 돌아보는 시간이 도움이 됩니다. 지금의 당신도 충분히 잘하고 있습니다.
2026-11-29,오늘은 기대하지 않았던 위로를 만날 수도 있습니다. 작은 선택 하나가 긍정적인 흐름을 만들 수 있습니다. 지금의 선택이 나중에 좋은 기억이 될 수 있습니다.
2026-11-30,오늘은 마음이 조금 가벼워질 수 있습니다. 주변 사람과의 대화에서 예상 밖의 힌트를 얻을 수 있습니다. 오늘의 작은 미소가 내일의 힘이 될 수 있습니다.
2026-12-01,당신이 해온 노력이 조용히 빛을 내기 시작할 수 있습니다. 주변 사람과의 대화에서 예상 밖의 힌트를 얻을 수 있습니다. 당신의 속도를 믿어도 좋습니다.
2026-12-02,천천히 가도 괜찮다는 신호가 보일 수 있습니다. 주변의 작은 친절이 큰 힘이 될 수 있습니다. 오늘의 작은 미소가 내일의 힘이 될 수 있습니다.
2026-12-03,마음속에 있던 작은 걱정이 조금씩 옅어질 수 있습니다. 평소보다 여유 있는 태도가 좋은 결과로 이어질 수 있습니다. 지금의 선택이 나중에 좋은 기억이 될 수 있습니다.
2026-12-04,마음속에 있던 작은 걱정이 조금씩 옅어질 수 있습니다. 주변의 작은 친절이 큰 힘이 될 수 있습니다. 스스로를 다정하게 대하는 것이 가장 좋은 선택입니다.
2026-12-05,오늘 하루는 스스로를 조금 더 믿어도 좋은 날입니다. 주변 사람과의 대화에서 예상 밖의 힌트를 얻을 수 있습니다. 오늘의 작은 미소가 내일의 힘이 될 수 있습니다.
2026-12-06,당신이 해온 노력이 조용히 빛을 내기 시작할 수 있습니다. 지금의 경험이 곧 의미 있는 이야기로 바뀔 수 있습니다. 지금의 선택이 나중에 좋은 기억이 될 수 있습니다.
2026-12-07,천천히 가도 괜찮다는 신호가 보일 수 있습니다. 작은 선택 하나가 긍정적인 흐름을 만들 수 있습니다. 오늘은 작은 기쁨을 발견할 가능성이 있습니다.
2026-12-08,오늘 하루는 스스로를 조금 더 믿어도 좋은 날입니다. 주변 사람과의 대화에서 예상 밖의 힌트를 얻을 수 있습니다. 잠시 쉬어가도 괜찮습니다.
2026-12-09,생각보다 상황이 부드럽게 풀릴 가능성이 있습니다. 평소보다 여유 있는 태도가 좋은 결과로 이어질 수 있습니다. 지금의 선택이 나중에 좋은 기억이 될 수 있습니다.
2026-12-10,생각보다 상황이 부드럽게 풀릴 가능성이 있습니다. 오늘은 듣는 자세가 큰 도움이 될 수 있습니다. 스스로를 다정하게 대하는 것이 가장 좋은 선택입니다.
2026-12-11,오늘은 평소보다 따뜻한 기운이 주변에 머무를 수 있습니다. 작은 선택 하나가 긍정적인 흐름을 만들 수 있습니다. 잠시 쉬어가도 괜찮습니다.
2026-12-12,오늘 하루는 스스로를 조금 더 믿어도 좋은 날입니다. 마음을 너무 다그치지 않는 것이 중요합니다. 스스로를 다정하게 대하는 것이 가장 좋은 선택입니다.
2026-12-13,오늘 하루는 당신 편인 순간이 많을 수 있습니다. 주변 사람과의 대화에서 예상 밖의 힌트를 얻을 수 있습니다. 스스로를 다정하게 대하는 것이 가장 좋은 선택입니다.
2026-12-14,생각보다 상황이 부드럽게 풀릴 가능성이 있습니다. 평소보다 여유 있는 태도가 좋은 결과로 이어질 수 있습니다. 오늘은 스스로에게 친절한 하루가 되길 바랍니다.
2026-12-15,생각보다 상황이 부드럽게 풀릴 가능성이 있습니다. 오늘은 듣는 자세가 큰 도움이 될 수 있습니다. 당신의 하루가 조금 더 따뜻해지길 바랍니다.
2026-12-16,오늘은 평소보다 따뜻한 기운이 주변에 머무를 수 있습니다. 사소한 변화가 좋은 방향으로 이어질 수 있습니다. 지금의 당신도 충분히 잘하고 있습니다.
2026-12-17,천천히 가도 괜찮다는 신호가 보일 수 있습니다. 사소한 변화가 좋은 방향으로 이어질 수 있습니다. 당신의 하루가 조금 더 따뜻해지길 바랍니다.
2026-12-18,지금까지 버텨온 당신에게 작은 휴식 같은 순간이 찾아올 수 있습니다. 사소한 변화가 좋은 방향으로 이어질 수 있습니다. 스스로를 다정하게 대하는 것이 가장 좋은 선택입니다.
2026-12-19,마음속에 있던 작은 걱정이 조금씩 옅어질 수 있습니다. 주변 사람과의 대화에서 예상 밖의 힌트를 얻을 수 있습니다. 잠시 쉬어가도 괜찮습니다.
2026-12-20,오늘 하루는 스스로를 조금 더 믿어도 좋은 날입니다. 오늘은 듣는 자세가 큰 도움이 될 수 있습니다. 스스로를 다정하게 대하는 것이 가장 좋은 선택입니다.
2026-12-21,오늘 하루는 당신 편인 순간이 많을 수 있습니다. 마음을 너무 다그치지 않는 것이 중요합니다. 스스로를 다정하게 대하는 것이 가장 좋은 선택입니다.
2026-12-22,마음속에 있던 작은 걱정이 조금씩 옅어질 수 있습니다. 조금 느리게 가는 것이 오히려 현명할 수 있습니다. 지금의 당신도 충분히 잘하고 있습니다.
2026-12-23,오늘 하루는 스스로를 조금 더 믿어도 좋은 날입니다. 마음을 너무 다그치지 않는 것이 중요합니다. 오늘은 작은 기쁨을 발견할 가능성이 있습니다.
2026-12-24,오늘 하루는 스스로를 조금 더 믿어도 좋은 날입니다. 지금의 경험이 곧 의미 있는 이야기로 바뀔 수 있습니다. 당신의 하루가 조금 더 따뜻해지길 바랍니다.
2026-12-25,마음속에 있던 작은 걱정이 조금씩 옅어질 수 있습니다. 주변의 작은 친절이 큰 힘이 될 수 있습니다. 괜찮다는 마음 하나면 충분한 날입니다.
2026-12-26,오늘 하루는 스스로를 조금 더 믿어도 좋은 날입니다. 작은 선택 하나가 긍정적인 흐름을 만들 수 있습니다. 당신의 속도를 믿어도 좋습니다.
2026-12-27,오늘은 마음이 조금 가벼워질 수 있습니다. 조금 느리게 가는 것이 오히려 현명할 수 있습니다. 오늘은 스스로에게 친절한 하루가 되길 바랍니다.
2026-12-28,오늘 하루는 당신 편인 순간이 많을 수 있습니다. 마음을 너무 다그치지 않는 것이 중요합니다. 잠시 쉬어가도 괜찮습니다.
2026-12-29,생각보다 상황이 부드럽게 풀릴 가능성이 있습니다. 주변 사람과의 대화에서 예상 밖의 힌트를 얻을 수 있습니다. 오늘은 작은 기쁨을 발견할 가능성이 있습니다.
2026-12-30,오늘은 기대하지 않았던 위로를 만날 수도 있습니다. 지금의 경험이 곧 의미 있는 이야기로 바뀔 수 있습니다. 잠시 쉬어가도 괜찮습니다.
2026-12-31,생각보다 상황이 부드럽게 풀릴 가능성이 있습니다. 오늘은 듣는 자세가 큰 도움이 될 수 있습니다. 괜찮다는 마음 하나면 충분한 날입니다.
