id,keyword
1,말띠 월간 운세 2041
2,소띠 주간 운세 2034
3,처녀자리 월간 운세 2047
4,게자리 오늘 운세 2024
5,천칭자리 오늘 운세 2037
6,용띠 띠 운세 2023
7,용띠 오늘의 운세 2044
8,양띠 오늘의 운세 2045
9,호랑이띠 오늘 운세 2035
10,게자리 오늘의 운세 2047
11,양자리 월간 운세 2047
12,말띠 띠 운세 2036
13,전갈자리 띠 운세 2031
14,양자리 오늘의 운세 2028
15,양자리 띠 운세 2038
16,쥐띠 띠 운세 2047
17,쌍둥이자리 주간 운세 2036
18,개띠 주간 운세 2032
19,양자리 오늘의 운세 2040
20,물병자리 오늘 운세 2029
21,호랑이띠 주간 운세 2047
22,천칭자리 월간 운세 2022
23,뱀띠 월간 운세 2035
24,닭띠 오늘 운세 2049
25,토끼띠 오늘 운세 2025
26,처녀자리 별자리 운세 2035
27,호랑이띠 오늘의 운세 2045
28,소띠 별자리 운세 2035
29,천칭자리 오늘 운세 2045
30,용띠 오늘의 운세 2029
31,뱀띠 월간 운세 2025
32,처녀자리 월간 운세 2032
33,게자리 주간 운세 2023
34,물고기자리 월간 운세 2030
35,닭띠 별자리 운세 2024
36,뱀띠 월간 운세 2032
37,쥐띠 오늘의 운세 2029
38,천칭자리 별자리 운세 2039
39,전갈자리 별자리 운세 2047
40,용띠 별자리 운세 2021
41,쥐띠 오늘의 운세 2022
42,게자리 오늘 운세 2031
43,물고기자리 오늘의 운세 2030
44,쌍둥이자리 월간 운세 2027
45,토끼띠 별자리 운세 2034
46,양자리 별자리 운세 2044
47,양자리 별자리 운세 2040
48,호랑이띠 월간 운세 2030
49,처녀자리 별자리 운세 2025
50,전갈자리 오늘의 운세 2040
51,사수자리 월간 운세 2031
52,사자자리 주간 운세 2025
53,토끼띠 띠 운세 2046
54,쌍둥이자리 오늘 운세 2035
55,호랑이띠 별자리 운세 2046
56,말띠 띠 운세 2028
57,물병자리 띠 운세 2028
58,처녀자리 띠 운세 2031
59,사자자리 오늘의 운세 2022
60,염소자리 오늘의 운세 2021
61,전갈자리 오늘 운세 2046
62,소띠 띠 운세 2031
63,천칭자리 오늘 운세 2038
64,용띠 별자리 운세 2023
65,천칭자리 주간 운세 2045
66,뱀띠 월간 운세 2040
67,말띠 월간 운세 2028
68,처녀자리 오늘 운세 2034
69,용띠 띠 운세 2046
70,게자리 주간 운세 2028
71,황소자리 주간 운세 2032
72,소띠 월간 운세 2027
73,용띠 오늘 운세 2020
74,토끼띠 별자리 운세 2025
75,처녀자리 오늘의 운세 2022
76,사수자리 띠 운세 2022
77,소띠 띠 운세 2039
78,호랑이띠 오늘의 운세 2026
79,토끼띠 오늘 운세 2036
80,말띠 오늘 운세 2028
81,뱀띠 오늘의 운세 2038
82,소띠 월간 운세 2037
83,원숭이띠 오늘의 운세 2048
84,사자자리 월간 운세 2042
85,염소자리 별자리 운세 2040
86,처녀자리 오늘 운세 2042
87,사자자리 주간 운세 2047
88,사자자리 오늘 운세 2041
89,말띠 별자리 운세 2048
90,쥐띠 주간 운세 2038
91,물병자리 오늘의 운세 2021
92,처녀자리 띠 운세 2022
93,호랑이띠 오늘의 운세 2023
94,황소자리 오늘의 운세 2033
95,닭띠 오늘의 운세 2046
96,개띠 오늘 운세 2038
97,양띠 오늘의 운세 2024
98,쥐띠 주간 운세 2024
99,호랑이띠 월간 운세 2024
100,용띠 별자리 운세 2022
101,쥐띠 오늘 운세 2027
102,천칭자리 별자리 운세 2035
103,토끼띠 주간 운세 2048
104,물고기자리 주간 운세 2032
105,사수자리 주간 운세 2025
106,쌍둥이자리 별자리 운세 2033
107,염소자리 월간 운세 2035
108,염소자리 오늘 운세 2035
109,황소자리 월간 운세 2023
110,쌍둥이자리 오늘의 운세 2033
111,돼지띠 별자리 운세 2043
112,토끼띠 월간 운세 2031
113,말띠 띠 운세 2022
114,사수자리 오늘의 운세 2038
115,용띠 주간 운세 2041
116,물고기자리 오늘의 운세 2040
117,호랑이띠 주간 운세 2022
118,용띠 띠 운세 2045
119,쥐띠 월간 운세 2047
120,소띠 띠 운세 2043
121,황소자리 주간 운세 2026
122,말띠 띠 운세 2049
123,용띠 띠 운세 2049
124,뱀띠 월간 운세 2037
125,뱀띠 별자리 운세 2044
126,물고기자리 오늘 운세 2047
127,사수자리 오늘 운세 2032
128,용띠 띠 운세 2038
129,전갈자리 월간 운세 2033
130,전갈자리 띠 운세 2040
131,뱀띠 오늘의 운세 2035
132,용띠 별자리 운세 2025
133,천칭자리 주간 운세 2040
134,소띠 오늘의 운세 2023
135,말띠 오늘 운세 2047
136,전갈자리 주간 운세 2025
137,개띠 별자리 운세 2036
138,양띠 오늘의 운세 2041
139,개띠 월간 운세 2020
140,원숭이띠 주간 운세 2025
141,쥐띠 별자리 운세 2041
142,양띠 별자리 운세 2020
143,닭띠 별자리 운세 2022
144,전갈자리 주간 운세 2026
145,닭띠 월간 운세 2031
146,닭띠 오늘 운세 2030
147,처녀자리 별자리 운세 2045
148,황소자리 별자리 운세 2036
149,황소자리 별자리 운세 2049
150,닭띠 띠 운세 2036
151,개띠 오늘 운세 2044
152,개띠 별자리 운세 2049
153,처녀자리 띠 운세 2040
154,양자리 띠 운세 2032
155,염소자리 별자리 운세 2037
156,뱀띠 오늘 운세 2034
157,물고기자리 띠 운세 2032
158,원숭이띠 별자리 운세 2021
159,양띠 월간 운세 2031
160,황소자리 월간 운세 2026
161,뱀띠 띠 운세 2038
162,양자리 오늘의 운세 2049
163,말띠 띠 운세 2030
164,게자리 별자리 운세 2048
165,양자리 별자리 운세 2046
166,처녀자리 오늘의 운세 2020
167,용띠 오늘 운세 2026
168,쌍둥이자리 월간 운세 2047
169,전갈자리 별자리 운세 2043
170,뱀띠 오늘의 운세 2026
171,원숭이띠 오늘 운세 2038
172,양자리 띠 운세 2042
173,천칭자리 띠 운세 2045
174,게자리 별자리 운세 2035
175,돼지띠 오늘 운세 2028
176,쥐띠 띠 운세 2033
177,황소자리 오늘의 운세 2049
178,쥐띠 별자리 운세 2030
179,물고기자리 별자리 운세 2030
180,소띠 주간 운세 2037
181,돼지띠 오늘 운세 2037
182,뱀띠 오늘 운세 2021
183,원숭이띠 오늘 운세 2022
184,돼지띠 주간 운세 2049
185,염소자리 월간 운세 2022
186,토끼띠 오늘의 운세 2035
187,사수자리 오늘 운세 2036
188,토끼띠 오늘의 운세 2020
189,처녀자리 띠 운세 2035
190,돼지띠 오늘의 운세 2030
191,황소자리 오늘의 운세 2040
192,원숭이띠 오늘 운세 2030
193,토끼띠 오늘 운세 2045
194,닭띠 띠 운세 2045
195,염소자리 오늘 운세 2045
196,토끼띠 띠 운세 2030
197,토끼띠 오늘 운세 2030
198,개띠 오늘의 운세 2039
199,원숭이띠 오늘 운세 2032
200,쌍둥이자리 주간 운세 2024
201,뱀띠 오늘 운세 2041
202,처녀자리 오늘 운세 2039
203,천칭자리 별자리 운세 2026
204,물병자리 띠 운세 2030
205,물고기자리 주간 운세 2039
206,토끼띠 주간 운세 2037
207,쥐띠 띠 운세 2041
208,원숭이띠 오늘 운세 2025
209,천칭자리 오늘 운세 2049
210,염소자리 월간 운세 2041
211,토끼띠 오늘의 운세 2030
212,양자리 별자리 운세 2045
213,사수자리 띠 운세 2031
214,쌍둥이자리 월간 운세 2024
215,토끼띠 월간 운세 2020
216,소띠 오늘의 운세 2027
217,용띠 별자리 운세 2049
218,사수자리 주간 운세 2037
219,쌍둥이자리 월간 운세 2041
220,천칭자리 띠 운세 2038
221,쌍둥이자리 오늘의 운세 2030
222,닭띠 오늘 운세 2022
223,쌍둥이자리 오늘 운세 2020
224,쥐띠 월간 운세 2040
225,닭띠 별자리 운세 2029
226,게자리 오늘의 운세 2042
227,사자자리 오늘의 운세 2025
228,천칭자리 오늘의 운세 2024
229,용띠 주간 운세 2020
230,뱀띠 별자리 운세 2035
231,돼지띠 주간 운세 2044
232,용띠 오늘의 운세 2030
233,호랑이띠 오늘 운세 2039
234,사수자리 오늘의 운세 2036
235,전갈자리 월간 운세 2046
236,물병자리 띠 운세 2043
237,사수자리 오늘의 운세 2040
238,용띠 오늘의 운세 2047
239,사자자리 띠 운세 2031
240,용띠 오늘의 운세 2043
241,뱀띠 월간 운세 2046
242,쌍둥이자리 오늘 운세 2025
243,천칭자리 오늘의 운세 2049
244,염소자리 오늘 운세 2028
245,전갈자리 주간 운세 2042
246,전갈자리 오늘 운세 2037
247,용띠 별자리 운세 2036
248,처녀자리 별자리 운세 2040
249,게자리 별자리 운세 2024
250,용띠 오늘 운세 2033
251,용띠 주간 운세 2046
252,용띠 오늘 운세 2041
253,원숭이띠 주간 운세 2043
254,천칭자리 주간 운세 2043
255,천칭자리 월간 운세 2040
256,소띠 월간 운세 2033
257,황소자리 오늘 운세 2044
258,양띠 별자리 운세 2030
259,소띠 주간 운세 2036
260,전갈자리 별자리 운세 2035
261,토끼띠 띠 운세 2021
262,원숭이띠 띠 운세 2029
263,말띠 주간 운세 2035
264,처녀자리 별자리 운세 2048
265,물고기자리 별자리 운세 2027
266,게자리 월간 운세 2022
267,닭띠 오늘 운세 2042
268,토끼띠 월간 운세 2044
269,쌍둥이자리 오늘의 운세 2047
270,소띠 띠 운세 2028
271,염소자리 오늘의 운세 2030
272,원숭이띠 주간 운세 2048
273,처녀자리 주간 운세 2041
274,개띠 오늘 운세 2035
275,쌍둥이자리 띠 운세 2049
276,물병자리 띠 운세 2044
277,용띠 월간 운세 2045
278,사자자리 별자리 운세 2033
279,원숭이띠 별자리 운세 2034
280,사자자리 오늘 운세 2021
281,사자자리 오늘 운세 2031
282,소띠 오늘 운세 2028
283,게자리 띠 운세 2031
284,돼지띠 월간 운세 2023
285,말띠 월간 운세 2043
286,돼지띠 주간 운세 2048
287,양자리 주간 운세 2048
288,천칭자리 별자리 운세 2029
289,사자자리 띠 운세 2024
290,전갈자리 오늘 운세 2023
291,양자리 오늘의 운세 2046
292,닭띠 띠 운세 2044
293,물병자리 띠 운세 2020
294,사수자리 띠 운세 2040
295,소띠 주간 운세 2023
296,사수자리 오늘의 운세 2046
297,양자리 오늘의 운세 2043
298,소띠 별자리 운세 2039
299,개띠 월간 운세 2036
300,천칭자리 오늘 운세 2039
301,양띠 오늘 운세 2033
302,뱀띠 월간 운세 2026
303,천칭자리 오늘 운세 2029
304,전갈자리 오늘 운세 2030
305,호랑이띠 띠 운세 2047
306,말띠 주간 운세 2044
307,물병자리 오늘 운세 2044
308,말띠 별자리 운세 2049
309,개띠 주간 운세 2022
310,황소자리 오늘 운세 2039
311,소띠 월간 운세 2048
312,닭띠 오늘 운세 2034
313,황소자리 오늘의 운세 2047
314,말띠 주간 운세 2039
315,소띠 별자리 운세 2020
316,게자리 주간 운세 2039
317,게자리 오늘 운세 2032
318,돼지띠 주간 운세 2038
319,천칭자리 띠 운세 2048
320,사자자리 오늘의 운세 2048
321,용띠 띠 운세 2034
322,사자자리 주간 운세 2031
323,물고기자리 오늘의 운세 2023
324,게자리 오늘의 운세 2022
325,게자리 주간 운세 2040
326,원숭이띠 월간 운세 2025
327,전갈자리 오늘 운세 2034
328,사자자리 월간 운세 2034
329,사자자리 오늘의 운세 2035
330,물고기자리 오늘 운세 2027
331,돼지띠 띠 운세 2032
332,호랑이띠 월간 운세 2039
333,쥐띠 별자리 운세 2029
334,뱀띠 주간 운세 2028
335,소띠 오늘의 운세 2028
336,양자리 주간 운세 2031
337,쌍둥이자리 별자리 운세 2046
338,쥐띠 띠 운세 2043
339,토끼띠 오늘의 운세 2041
340,소띠 주간 운세 2027
341,사자자리 별자리 운세 2046
342,물고기자리 주간 운세 2045
343,돼지띠 띠 운세 2025
344,원숭이띠 주간 운세 2034
345,돼지띠 별자리 운세 2037
346,양띠 월간 운세 2024
347,전갈자리 별자리 운세 2038
348,쌍둥이자리 월간 운세 2025
349,게자리 월간 운세 2031
350,양자리 오늘의 운세 2021
351,전갈자리 월간 운세 2043
352,개띠 주간 운세 2020
353,물고기자리 별자리 운세 2037
354,말띠 오늘 운세 2044
355,닭띠 띠 운세 2024
356,호랑이띠 띠 운세 2036
357,물고기자리 띠 운세 2047
358,원숭이띠 월간 운세 2046
359,처녀자리 별자리 운세 2023
360,황소자리 오늘 운세 2042
361,개띠 오늘의 운세 2037
362,소띠 월간 운세 2036
363,황소자리 띠 운세 2039
364,원숭이띠 별자리 운세 2033
365,토끼띠 월간 운세 2041
366,물병자리 오늘의 운세 2023
367,돼지띠 월간 운세 2038
368,닭띠 주간 운세 2029
369,사자자리 오늘의 운세 2045
370,용띠 오늘의 운세 2048
371,개띠 띠 운세 2043
372,물병자리 월간 운세 2039
373,용띠 띠 운세 2032
374,물고기자리 월간 운세 2039
375,쥐띠 월간 운세 2046
376,말띠 띠 운세 2031
377,호랑이띠 월간 운세 2036
378,물고기자리 별자리 운세 2025
379,쥐띠 오늘의 운세 2043
380,토끼띠 별자리 운세 2043
381,닭띠 오늘의 운세 2020
382,쥐띠 띠 운세 2049
383,천칭자리 별자리 운세 2022
384,천칭자리 주간 운세 2041
385,물고기자리 주간 운세 2043
386,물병자리 오늘 운세 2046
387,처녀자리 오늘 운세 2031
388,물고기자리 오늘 운세 2021
389,개띠 별자리 운세 2042
390,양띠 띠 운세 2029
391,양띠 오늘 운세 2046
392,토끼띠 월간 운세 2029
393,개띠 월간 운세 2041
394,물고기자리 월간 운세 2028
395,쌍둥이자리 별자리 운세 2037
396,쥐띠 주간 운세 2032
397,사자자리 월간 운세 2024
398,토끼띠 주간 운세 2024
399,천칭자리 주간 운세 2042
400,황소자리 주간 운세 2043
401,양자리 월간 운세 2038
402,호랑이띠 오늘의 운세 2028
403,쥐띠 오늘 운세 2024
404,쥐띠 주간 운세 2048
405,말띠 오늘 운세 2046
406,천칭자리 별자리 운세 2047
407,개띠 주간 운세 2041
408,양띠 오늘 운세 2037
409,뱀띠 월간 운세 2036
410,양띠 띠 운세 2036
411,토끼띠 오늘의 운세 2045
412,황소자리 월간 운세 2041
413,닭띠 월간 운세 2039
414,양자리 주간 운세 2020
415,물고기자리 오늘의 운세 2021
416,게자리 오늘 운세 2048
417,물병자리 띠 운세 2039
418,토끼띠 오늘의 운세 2023
419,처녀자리 오늘의 운세 2048
420,사수자리 띠 운세 2023
421,쌍둥이자리 주간 운세 2021
422,사자자리 월간 운세 2037
423,돼지띠 띠 운세 2026
424,용띠 오늘 운세 2044
425,돼지띠 오늘의 운세 2043
426,처녀자리 오늘 운세 2035
427,황소자리 주간 운세 2023
428,사수자리 별자리 운세 2022
429,말띠 주간 운세 2036
430,원숭이띠 월간 운세 2034
431,물고기자리 별자리 운세 2023
432,물고기자리 오늘 운세 2038
433,게자리 오늘 운세 2030
434,천칭자리 월간 운세 2046
435,쥐띠 월간 운세 2041
436,원숭이띠 오늘 운세 2048
437,뱀띠 별자리 운세 2036
438,천칭자리 띠 운세 2034
439,뱀띠 월간 운세 2030
440,소띠 월간 운세 2020
441,쥐띠 오늘의 운세 2042
442,닭띠 오늘의 운세 2047
443,사수자리 오늘의 운세 2027
444,뱀띠 오늘 운세 2043
445,황소자리 월간 운세 2027
446,황소자리 오늘 운세 2022
447,양띠 주간 운세 2031
448,토끼띠 주간 운세 2039
449,물고기자리 띠 운세 2045
450,전갈자리 띠 운세 2047
451,돼지띠 띠 운세 2038
452,돼지띠 별자리 운세 2026
453,처녀자리 별자리 운세 2049
454,물고기자리 띠 운세 2041
455,돼지띠 별자리 운세 2022
456,원숭이띠 띠 운세 2025
457,양띠 오늘의 운세 2033
458,물고기자리 띠 운세 2030
459,닭띠 별자리 운세 2041
460,개띠 띠 운세 2035
461,쥐띠 오늘 운세 2048
462,개띠 띠 운세 2041
463,사자자리 오늘 운세 2043
464,소띠 월간 운세 2034
465,사자자리 오늘의 운세 2049
466,전갈자리 오늘의 운세 2049
467,말띠 별자리 운세 2032
468,전갈자리 오늘의 운세 2027
469,물병자리 오늘 운세 2032
470,게자리 오늘 운세 2040
471,원숭이띠 오늘의 운세 2021
472,뱀띠 월간 운세 2045
473,뱀띠 띠 운세 2024
474,뱀띠 오늘의 운세 2022
475,뱀띠 오늘의 운세 2030
476,말띠 띠 운세 2046
477,말띠 오늘의 운세 2030
478,황소자리 별자리 운세 2024
479,염소자리 주간 운세 2047
480,원숭이띠 띠 운세 2043
481,뱀띠 띠 운세 2044
482,뱀띠 오늘의 운세 2028
483,돼지띠 오늘의 운세 2037
484,원숭이띠 오늘의 운세 2045
485,용띠 주간 운세 2027
486,양띠 별자리 운세 2029
487,염소자리 월간 운세 2037
488,쥐띠 별자리 운세 2043
489,토끼띠 띠 운세 2047
490,호랑이띠 오늘의 운세 2049
491,토끼띠 월간 운세 2024
492,처녀자리 월간 운세 2026
493,물고기자리 월간 운세 2041
494,처녀자리 띠 운세 2030
495,쌍둥이자리 별자리 운세 2036
496,용띠 오늘의 운세 2040
497,원숭이띠 주간 운세 2026
498,원숭이띠 띠 운세 2036
499,게자리 별자리 운세 2041
500,개띠 오늘의 운세 2043
501,용띠 주간 운세 2045
502,양자리 월간 운세 2024
503,돼지띠 별자리 운세 2039
504,양띠 별자리 운세 2036
505,돼지띠 오늘의 운세 2028
506,전갈자리 별자리 운세 2021
507,게자리 주간 운세 2038
508,황소자리 월간 운세 2030
509,양자리 별자리 운세 2037
510,염소자리 별자리 운세 2044
511,양띠 별자리 운세 2028
512,물병자리 주간 운세 2043
513,소띠 오늘의 운세 2049
514,게자리 월간 운세 2039
515,쌍둥이자리 띠 운세 2048
516,용띠 별자리 운세 2033
517,소띠 오늘 운세 2027
518,처녀자리 오늘 운세 2049
519,쌍둥이자리 오늘의 운세 2038
520,말띠 월간 운세 2021
521,토끼띠 주간 운세 2047
522,처녀자리 띠 운세 2025
523,용띠 월간 운세 2036
524,전갈자리 띠 운세 2032
525,토끼띠 주간 운세 2045
526,원숭이띠 띠 운세 2046
527,황소자리 월간 운세 2044
528,염소자리 띠 운세 2037
529,양자리 오늘의 운세 2039
530,사자자리 오늘의 운세 2033
531,용띠 오늘의 운세 2037
532,사수자리 월간 운세 2028
533,물고기자리 월간 운세 2037
534,원숭이띠 월간 운세 2035
535,양자리 주간 운세 2030
536,사자자리 별자리 운세 2037
537,닭띠 오늘 운세 2023
538,처녀자리 띠 운세 2020
539,양띠 띠 운세 2046
540,황소자리 별자리 운세 2029
541,게자리 주간 운세 2037
542,양띠 오늘의 운세 2031
543,양띠 오늘의 운세 2029
544,용띠 띠 운세 2044
545,전갈자리 띠 운세 2036
546,처녀자리 월간 운세 2041
547,양자리 오늘의 운세 2042
548,토끼띠 띠 운세 2027
549,호랑이띠 별자리 운세 2049
550,양띠 월간 운세 2026
551,황소자리 월간 운세 2028
552,뱀띠 월간 운세 2020
553,뱀띠 별자리 운세 2033
554,물병자리 주간 운세 2037
555,돼지띠 월간 운세 2022
556,호랑이띠 주간 운세 2034
557,전갈자리 띠 운세 2039
558,용띠 별자리 운세 2048
559,소띠 주간 운세 2045
560,물고기자리 주간 운세 2026
561,소띠 띠 운세 2035
562,양띠 띠 운세 2044
563,천칭자리 주간 운세 2049
564,사수자리 오늘 운세 2045
565,호랑이띠 별자리 운세 2044
566,물고기자리 월간 운세 2043
567,쥐띠 오늘 운세 2031
568,양자리 별자리 운세 2023
569,염소자리 오늘의 운세 2034
570,말띠 월간 운세 2042
571,양자리 주간 운세 2022
572,양자리 월간 운세 2040
573,양자리 월간 운세 2041
574,천칭자리 오늘 운세 2036
575,개띠 별자리 운세 2031
576,전갈자리 띠 운세 2046
577,돼지띠 월간 운세 2034
578,호랑이띠 띠 운세 2023
579,쥐띠 띠 운세 2039
580,소띠 오늘 운세 2037
581,쌍둥이자리 오늘 운세 2032
582,뱀띠 월간 운세 2039
583,염소자리 별자리 운세 2029
584,양띠 별자리 운세 2035
585,사수자리 오늘의 운세 2033
586,토끼띠 월간 운세 2038
587,전갈자리 띠 운세 2027
588,소띠 주간 운세 2042
589,원숭이띠 오늘의 운세 2023
590,처녀자리 오늘 운세 2027
591,소띠 별자리 운세 2031
592,소띠 주간 운세 2040
593,소띠 별자리 운세 2023
594,게자리 띠 운세 2039
595,염소자리 오늘의 운세 2036
596,뱀띠 오늘의 운세 2044
597,전갈자리 월간 운세 2020
598,전갈자리 오늘의 운세 2043
599,쌍둥이자리 월간 운세 2034
600,물병자리 별자리 운세 2046
601,용띠 오늘 운세 2034
602,원숭이띠 오늘의 운세 2042
603,게자리 주간 운세 2044
604,사자자리 월간 운세 2023
605,전갈자리 별자리 운세 2049
606,게자리 별자리 운세 2039
607,물고기자리 오늘의 운세 2044
608,물병자리 오늘의 운세 2030
609,뱀띠 별자리 운세 2047
610,물병자리 월간 운세 2030
611,호랑이띠 오늘의 운세 2027
612,황소자리 오늘 운세 2036
613,처녀자리 월간 운세 2038
614,처녀자리 주간 운세 2039
615,쌍둥이자리 주간 운세 2020
616,게자리 띠 운세 2047
617,개띠 오늘 운세 2043
618,전갈자리 오늘의 운세 2020
619,물고기자리 월간 운세 2047
620,쥐띠 주간 운세 2020
621,용띠 월간 운세 2027
622,소띠 별자리 운세 2040
623,쌍둥이자리 별자리 운세 2031
624,사자자리 오늘 운세 2042
625,소띠 띠 운세 2048
626,염소자리 주간 운세 2023
627,쥐띠 별자리 운세 2046
628,게자리 주간 운세 2022
629,토끼띠 별자리 운세 2045
630,황소자리 오늘 운세 2031
631,사자자리 띠 운세 2048
632,사자자리 오늘의 운세 2028
633,원숭이띠 오늘 운세 2034
634,원숭이띠 오늘의 운세 2044
635,전갈자리 오늘의 운세 2041
636,사수자리 오늘 운세 2021
637,천칭자리 주간 운세 2027
638,개띠 월간 운세 2039
639,천칭자리 띠 운세 2049
640,전갈자리 오늘 운세 2021
641,물고기자리 오늘의 운세 2028
642,쌍둥이자리 오늘의 운세 2021
643,사수자리 주간 운세 2046
644,뱀띠 오늘의 운세 2047
645,말띠 띠 운세 2043
646,원숭이띠 월간 운세 2043
647,처녀자리 오늘의 운세 2038
648,양자리 별자리 운세 2035
649,토끼띠 띠 운세 2036
650,쌍둥이자리 별자리 운세 2040
651,닭띠 월간 운세 2026
652,천칭자리 별자리 운세 2020
653,물병자리 오늘의 운세 2025
654,양자리 띠 운세 2024
655,쥐띠 오늘 운세 2028
656,쌍둥이자리 오늘의 운세 2032
657,뱀띠 띠 운세 2031
658,사수자리 오늘 운세 2029
659,전갈자리 월간 운세 2040
660,처녀자리 별자리 운세 2037
661,물고기자리 오늘 운세 2036
662,사수자리 별자리 운세 2028
663,개띠 주간 운세 2028
664,양자리 월간 운세 2021
665,황소자리 띠 운세 2031
666,말띠 별자리 운세 2041
667,전갈자리 오늘의 운세 2036
668,황소자리 띠 운세 2020
669,천칭자리 주간 운세 2021
670,게자리 오늘 운세 2045
671,토끼띠 오늘의 운세 2034
672,호랑이띠 월간 운세 2025
673,개띠 월간 운세 2028
674,원숭이띠 오늘 운세 2029
675,원숭이띠 별자리 운세 2036
676,양띠 띠 운세 2031
677,소띠 별자리 운세 2041
678,개띠 월간 운세 2035
679,양자리 별자리 운세 2049
680,처녀자리 오늘의 운세 2023
681,닭띠 띠 운세 2020
682,돼지띠 오늘 운세 2041
683,소띠 오늘의 운세 2034
684,물병자리 주간 운세 2042
685,황소자리 주간 운세 2042
686,닭띠 띠 운세 2035
687,뱀띠 오늘 운세 2047
688,닭띠 오늘 운세 2045
689,돼지띠 월간 운세 2025
690,쌍둥이자리 띠 운세 2024
691,원숭이띠 오늘 운세 2043
692,닭띠 오늘의 운세 2031
693,토끼띠 별자리 운세 2027
694,사자자리 오늘 운세 2022
695,물병자리 주간 운세 2035
696,양띠 월간 운세 2020
697,물병자리 오늘 운세 2028
698,호랑이띠 주간 운세 2030
699,천칭자리 월간 운세 2042
700,닭띠 주간 운세 2042
701,물병자리 별자리 운세 2029
702,돼지띠 오늘의 운세 2038
703,소띠 오늘 운세 2040
704,황소자리 오늘 운세 2043
705,사자자리 오늘의 운세 2020
706,원숭이띠 오늘 운세 2036
707,개띠 오늘 운세 2042
708,게자리 오늘의 운세 2031
709,사수자리 띠 운세 2027
710,원숭이띠 월간 운세 2031
711,말띠 오늘 운세 2032
712,황소자리 월간 운세 2042
713,원숭이띠 띠 운세 2048
714,돼지띠 별자리 운세 2038
715,양자리 오늘의 운세 2024
716,돼지띠 오늘 운세 2031
717,용띠 오늘의 운세 2020
718,말띠 오늘의 운세 2023
719,사수자리 주간 운세 2040
720,토끼띠 오늘 운세 2020
721,황소자리 주간 운세 2037
722,양자리 띠 운세 2026
723,전갈자리 오늘의 운세 2039
724,소띠 띠 운세 2041
725,천칭자리 별자리 운세 2038
726,염소자리 별자리 운세 2041
727,전갈자리 별자리 운세 2026
728,말띠 오늘 운세 2022
729,염소자리 주간 운세 2033
730,양띠 띠 운세 2048
731,토끼띠 별자리 운세 2024
732,양띠 띠 운세 2023
733,소띠 주간 운세 2041
734,소띠 월간 운세 2032
735,말띠 오늘의 운세 2021
736,말띠 별자리 운세 2033
737,양띠 월간 운세 2022
738,닭띠 월간 운세 2020
739,물고기자리 오늘 운세 2023
740,말띠 오늘 운세 2020
741,호랑이띠 띠 운세 2043
742,쥐띠 별자리 운세 2021
743,양띠 띠 운세 2024
744,뱀띠 월간 운세 2049
745,용띠 주간 운세 2034
746,쌍둥이자리 띠 운세 2033
747,황소자리 별자리 운세 2035
748,게자리 오늘의 운세 2037
749,닭띠 주간 운세 2023
750,사자자리 띠 운세 2041
751,용띠 별자리 운세 2030
752,닭띠 월간 운세 2032
753,쥐띠 띠 운세 2024
754,용띠 오늘 운세 2032
755,양자리 오늘의 운세 2035
756,토끼띠 오늘 운세 2038
757,염소자리 오늘 운세 2046
758,토끼띠 주간 운세 2031
759,염소자리 주간 운세 2034
760,쥐띠 별자리 운세 2028
761,호랑이띠 오늘 운세 2022
762,전갈자리 월간 운세 2041
763,양자리 띠 운세 2035
764,황소자리 오늘의 운세 2029
765,말띠 주간 운세 2040
766,게자리 별자리 운세 2023
767,쥐띠 별자리 운세 2022
768,뱀띠 오늘 운세 2020
769,돼지띠 주간 운세 2021
770,개띠 오늘 운세 2036
771,개띠 주간 운세 2038
772,호랑이띠 별자리 운세 2034
773,게자리 별자리 운세 2028
774,개띠 오늘 운세 2024
775,토끼띠 별자리 운세 2046
776,원숭이띠 월간 운세 2039
777,물병자리 띠 운세 2026
778,닭띠 월간 운세 2037
779,뱀띠 월간 운세 2041
780,말띠 띠 운세 2034
781,전갈자리 오늘 운세 2042
782,황소자리 별자리 운세 2038
783,처녀자리 띠 운세 2038
784,전갈자리 띠 운세 2033
785,전갈자리 주간 운세 2033
786,돼지띠 주간 운세 2045
787,용띠 주간 운세 2031
788,쌍둥이자리 주간 운세 2035
789,처녀자리 월간 운세 2037
790,쌍둥이자리 오늘의 운세 2025
791,사수자리 오늘의 운세 2044
792,호랑이띠 오늘 운세 2047
793,물고기자리 별자리 운세 2049
794,용띠 띠 운세 2020
795,쥐띠 주간 운세 2037
796,처녀자리 띠 운세 2043
797,물고기자리 띠 운세 2035
798,말띠 오늘 운세 2024
799,물고기자리 오늘의 운세 2046
800,전갈자리 주간 운세 2031
801,용띠 띠 운세 2048
802,전갈자리 별자리 운세 2046
803,전갈자리 월간 운세 2038
804,염소자리 오늘 운세 2043
805,뱀띠 띠 운세 2035
806,닭띠 띠 운세 2030
807,토끼띠 오늘의 운세 2024
808,뱀띠 띠 운세 2047
809,사수자리 주간 운세 2039
810,양띠 별자리 운세 2025
811,처녀자리 오늘 운세 2046
812,쌍둥이자리 별자리 운세 2027
813,처녀자리 주간 운세 2029
814,원숭이띠 오늘 운세 2033
815,원숭이띠 띠 운세 2028
816,호랑이띠 오늘 운세 2025
817,염소자리 오늘 운세 2049
818,쌍둥이자리 주간 운세 2032
819,호랑이띠 오늘의 운세 2029
820,양자리 띠 운세 2043
821,쌍둥이자리 월간 운세 2049
822,호랑이띠 주간 운세 2041
823,염소자리 오늘 운세 2021
824,천칭자리 오늘의 운세 2031
825,돼지띠 오늘 운세 2021
826,양띠 띠 운세 2045
827,사수자리 주간 운세 2044
828,천칭자리 월간 운세 2034
829,뱀띠 월간 운세 2034
830,용띠 월간 운세 2048
831,뱀띠 오늘의 운세 2027
832,처녀자리 월간 운세 2040
833,원숭이띠 띠 운세 2021
834,쌍둥이자리 월간 운세 2023
835,말띠 띠 운세 2040
836,토끼띠 오늘의 운세 2044
837,황소자리 별자리 운세 2047
838,사수자리 오늘 운세 2038
839,소띠 띠 운세 2029
840,사자자리 띠 운세 2028
841,쌍둥이자리 월간 운세 2033
842,처녀자리 별자리 운세 2038
843,말띠 주간 운세 2037
844,개띠 띠 운세 2022
845,전갈자리 띠 운세 2034
846,사수자리 주간 운세 2045
847,전갈자리 주간 운세 2044
848,양자리 별자리 운세 2028
849,말띠 오늘 운세 2025
850,쌍둥이자리 오늘 운세 2045
851,사자자리 월간 운세 2032
852,쌍둥이자리 오늘의 운세 2042
853,전갈자리 월간 운세 2037
854,호랑이띠 별자리 운세 2036
855,용띠 오늘 운세 2038
856,닭띠 띠 운세 2033
857,돼지띠 띠 운세 2037
858,염소자리 오늘 운세 2025
859,개띠 오늘의 운세 2034
860,쥐띠 오늘 운세 2032
861,게자리 주간 운세 2020
862,염소자리 오늘 운세 2031
863,사수자리 주간 운세 2035
864,개띠 월간 운세 2034
865,쥐띠 별자리 운세 2039
866,토끼띠 띠 운세 2035
867,쌍둥이자리 주간 운세 2046
868,사수자리 띠 운세 2036
869,뱀띠 오늘의 운세 2039
870,물고기자리 오늘 운세 2041
871,양자리 주간 운세 2036
872,게자리 별자리 운세 2046
873,염소자리 별자리 운세 2036
874,개띠 별자리 운세 2024
875,돼지띠 오늘 운세 2043
876,쥐띠 오늘 운세 2034
877,전갈자리 오늘 운세 2028
878,염소자리 별자리 운세 2027
879,게자리 오늘의 운세 2049
880,처녀자리 오늘의 운세 2034
881,개띠 주간 운세 2029
882,원숭이띠 오늘의 운세 2030
883,천칭자리 별자리 운세 2040
884,호랑이띠 별자리 운세 2020
885,염소자리 별자리 운세 2045
886,황소자리 띠 운세 2044
887,양자리 띠 운세 2046
888,호랑이띠 띠 운세 2040
889,황소자리 주간 운세 2039
890,사자자리 오늘 운세 2048
891,양자리 오늘 운세 2033
892,말띠 띠 운세 2021
893,쥐띠 월간 운세 2044
894,원숭이띠 별자리 운세 2042
895,천칭자리 주간 운세 2035
896,게자리 월간 운세 2049
897,쥐띠 띠 운세 2029
898,천칭자리 월간 운세 2048
899,사자자리 주간 운세 2035
900,사자자리 월간 운세 2020
901,양자리 띠 운세 2034
902,양자리 월간 운세 2046
903,쥐띠 오늘 운세 2049
904,쌍둥이자리 오늘 운세 2047
905,염소자리 오늘의 운세 2037
906,염소자리 띠 운세 2047
907,천칭자리 오늘의 운세 2047
908,황소자리 띠 운세 2049
909,닭띠 주간 운세 2041
910,쥐띠 별자리 운세 2031
911,쌍둥이자리 월간 운세 2021
912,쌍둥이자리 띠 운세 2027
913,물병자리 오늘 운세 2040
914,전갈자리 오늘 운세 2035
915,말띠 띠 운세 2024
916,황소자리 주간 운세 2044
917,원숭이띠 주간 운세 2041
918,소띠 오늘 운세 2021
919,양띠 오늘 운세 2043
920,물병자리 주간 운세 2028
921,개띠 오늘의 운세 2035
922,황소자리 월간 운세 2040
923,양자리 별자리 운세 2039
924,돼지띠 오늘 운세 2030
925,뱀띠 별자리 운세 2039
926,용띠 오늘 운세 2045
927,양자리 월간 운세 2029
928,말띠 월간 운세 2024
929,양자리 월간 운세 2036
930,개띠 오늘 운세 2049
931,물병자리 주간 운세 2048
932,천칭자리 오늘의 운세 2028
933,양띠 별자리 운세 2037
934,쌍둥이자리 띠 운세 2042
935,용띠 오늘의 운세 2031
936,원숭이띠 띠 운세 2022
937,황소자리 오늘의 운세 2025
938,소띠 월간 운세 2039
939,황소자리 별자리 운세 2027
940,쥐띠 띠 운세 2035
941,원숭이띠 주간 운세 2038
942,전갈자리 띠 운세 2043
943,개띠 오늘의 운세 2031
944,소띠 오늘의 운세 2025
945,전갈자리 오늘의 운세 2029
946,사자자리 주간 운세 2022
947,쌍둥이자리 오늘의 운세 2024
948,말띠 월간 운세 2037
949,용띠 주간 운세 2039
950,전갈자리 띠 운세 2045
951,돼지띠 오늘 운세 2048
952,황소자리 오늘의 운세 2027
953,사수자리 오늘 운세 2044
954,황소자리 주간 운세 2024
955,황소자리 주간 운세 2031
956,말띠 주간 운세 2048
957,쌍둥이자리 별자리 운세 2039
958,말띠 주간 운세 2026
959,쌍둥이자리 오늘 운세 2041
960,물병자리 띠 운세 2033
961,사수자리 오늘의 운세 2045
962,닭띠 주간 운세 2036
963,돼지띠 오늘 운세 2047
964,호랑이띠 오늘 운세 2023
965,물고기자리 띠 운세 2042
966,개띠 오늘 운세 2028
967,원숭이띠 오늘의 운세 2020
968,호랑이띠 오늘 운세 2033
969,소띠 별자리 운세 2047
970,호랑이띠 오늘 운세 2026
971,처녀자리 띠 운세 2028
972,양자리 오늘 운세 2042
973,천칭자리 주간 운세 2029
974,물고기자리 오늘 운세 2048
975,황소자리 월간 운세 2043
976,소띠 월간 운세 2041
977,용띠 오늘 운세 2029
978,천칭자리 별자리 운세 2042
979,소띠 오늘 운세 2042
980,쥐띠 오늘의 운세 2048
981,사자자리 오늘의 운세 2030
982,물고기자리 월간 운세 2046
983,물병자리 월간 운세 2024
984,쌍둥이자리 띠 운세 2030
985,개띠 띠 운세 2023
986,사수자리 오늘 운세 2027
987,염소자리 띠 운세 2026
988,천칭자리 월간 운세 2021
989,원숭이띠 별자리 운세 2048
990,말띠 오늘 운세 2029
991,황소자리 띠 운세 2028
992,사수자리 별자리 운세 2025
993,황소자리 띠 운세 2033
994,염소자리 오늘 운세 2022
995,쌍둥이자리 띠 운세 2037
996,말띠 주간 운세 2031
997,양자리 띠 운세 2030
998,물고기자리 주간 운세 2036
999,양자리 월간 운세 2022
1000,처녀자리 오늘의 운세 2039
1001,원숭이띠 오늘의 운세 2037
1002,천칭자리 오늘 운세 2031
1003,물병자리 월간 운세 2032
1004,토끼띠 별자리 운세 2047
1005,닭띠 띠 운세 2038
1006,물병자리 월간 운세 2045
1007,돼지띠 오늘 운세 2024
1008,사수자리 오늘 운세 2037
1009,돼지띠 주간 운세 2040
1010,사수자리 주간 운세 2049
1011,양띠 오늘 운세 2032
1012,쌍둥이자리 오늘의 운세 2048
1013,양띠 띠 운세 2040
1014,돼지띠 띠 운세 2040
1015,황소자리 띠 운세 2024
1016,물병자리 주간 운세 2034
1017,처녀자리 오늘의 운세 2029
1018,양띠 주간 운세 2033
1019,원숭이띠 주간 운세 2039
1020,게자리 별자리 운세 2034
1021,돼지띠 오늘의 운세 2032
1022,사수자리 월간 운세 2022
1023,쌍둥이자리 오늘의 운세 2035
1024,쌍둥이자리 별자리 운세 2042
1025,개띠 띠 운세 2037
1026,전갈자리 오늘 운세 2022
1027,원숭이띠 주간 운세 2035
1028,황소자리 별자리 운세 2028
1029,닭띠 오늘의 운세 2028
1030,양자리 월간 운세 2025
1031,처녀자리 띠 운세 2033
1032,말띠 월간 운세 2036
1033,황소자리 별자리 운세 2042
1034,양자리 오늘 운세 2049
1035,게자리 오늘 운세 2034
1036,게자리 월간 운세 2040
1037,양띠 별자리 운세 2041
1038,양띠 월간 운세 2025
1039,물고기자리 오늘 운세 2044
1040,개띠 별자리 운세 2044
1041,양띠 별자리 운세 2040
1042,돼지띠 오늘의 운세 2035
1043,개띠 월간 운세 2045
1044,쥐띠 월간 운세 2032
1045,사수자리 오늘 운세 2023
1046,사수자리 월간 운세 2020
1047,염소자리 주간 운세 2024
1048,물고기자리 별자리 운세 2034
1049,소띠 오늘 운세 2025
1050,양띠 주간 운세 2042
1051,닭띠 주간 운세 2021
1052,돼지띠 월간 운세 2021
1053,사자자리 오늘 운세 2038
1054,양띠 별자리 운세 2038
1055,닭띠 오늘의 운세 2026
1056,용띠 주간 운세 2026
1057,물고기자리 오늘 운세 2035
1058,양띠 오늘의 운세 2030
1059,토끼띠 별자리 운세 2023
1060,뱀띠 오늘 운세 2025
1061,소띠 별자리 운세 2048
1062,사자자리 주간 운세 2028
1063,원숭이띠 띠 운세 2038
1064,쌍둥이자리 띠 운세 2029
1065,양자리 주간 운세 2024
1066,천칭자리 주간 운세 2024
1067,원숭이띠 주간 운세 2049
1068,염소자리 띠 운세 2042
1069,황소자리 오늘의 운세 2042
1070,전갈자리 주간 운세 2020
1071,양자리 오늘 운세 2037
1072,게자리 띠 운세 2024
1073,양띠 월간 운세 2029
1074,말띠 오늘 운세 2037
1075,원숭이띠 오늘 운세 2023
1076,황소자리 띠 운세 2025
1077,사자자리 오늘 운세 2039
1078,물병자리 띠 운세 2031
1079,전갈자리 주간 운세 2046
1080,닭띠 오늘의 운세 2023
1081,염소자리 월간 운세 2033
1082,돼지띠 오늘의 운세 2044
1083,소띠 띠 운세 2032
1084,양띠 별자리 운세 2022
1085,쥐띠 주간 운세 2029
1086,닭띠 월간 운세 2043
1087,양자리 오늘의 운세 2034
1088,염소자리 별자리 운세 2025
1089,게자리 오늘 운세 2044
1090,양자리 띠 운세 2020
1091,쌍둥이자리 오늘 운세 2049
1092,개띠 별자리 운세 2047
1093,천칭자리 띠 운세 2040
1094,전갈자리 띠 운세 2026
1095,전갈자리 오늘의 운세 2044
1096,물고기자리 오늘 운세 2049
1097,게자리 주간 운세 2025
1098,뱀띠 띠 운세 2023
1099,물병자리 오늘의 운세 2034
1100,물고기자리 주간 운세 2027
1101,말띠 오늘 운세 2026
1102,전갈자리 띠 운세 2024
1103,게자리 주간 운세 2048
1104,닭띠 별자리 운세 2036
1105,물고기자리 띠 운세 2034
1106,쥐띠 월간 운세 2035
1107,황소자리 오늘 운세 2030
1108,사자자리 주간 운세 2042
1109,개띠 띠 운세 2034
1110,물병자리 별자리 운세 2020
1111,원숭이띠 별자리 운세 2038
1112,닭띠 오늘의 운세 2037
1113,양자리 오늘 운세 2048
1114,소띠 오늘 운세 2022
1115,개띠 별자리 운세 2045
1116,쌍둥이자리 주간 운세 2026
1117,사수자리 월간 운세 2047
1118,용띠 오늘의 운세 2039
1119,소띠 월간 운세 2022
1120,황소자리 띠 운세 2026
1121,염소자리 오늘 운세 2023
1122,뱀띠 띠 운세 2021
1123,사수자리 주간 운세 2020
1124,양자리 주간 운세 2043
1125,소띠 주간 운세 2022
1126,황소자리 오늘의 운세 2032
1127,게자리 별자리 운세 2031
1128,물병자리 주간 운세 2020
1129,사자자리 띠 운세 2023
1130,원숭이띠 월간 운세 2044
1131,사수자리 주간 운세 2036
1132,쌍둥이자리 월간 운세 2031
1133,게자리 월간 운세 2041
1134,뱀띠 오늘 운세 2029
1135,돼지띠 띠 운세 2021
1136,전갈자리 주간 운세 2022
1137,염소자리 주간 운세 2030
1138,사자자리 띠 운세 2044
1139,물병자리 오늘 운세 2038
1140,소띠 주간 운세 2044
1141,돼지띠 띠 운세 2044
1142,물고기자리 띠 운세 2031
1143,양띠 월간 운세 2038
1144,염소자리 오늘 운세 2047
1145,게자리 주간 운세 2036
1146,쥐띠 별자리 운세 2037
1147,원숭이띠 별자리 운세 2037
1148,토끼띠 띠 운세 2049
1149,소띠 띠 운세 2038
1150,개띠 월간 운세 2030
1151,물고기자리 주간 운세 2041
1152,호랑이띠 오늘 운세 2044
1153,원숭이띠 주간 운세 2031
1154,호랑이띠 오늘의 운세 2042
1155,게자리 별자리 운세 2027
1156,소띠 오늘 운세 2048
1157,처녀자리 띠 운세 2036
1158,물고기자리 오늘 운세 2045
1159,처녀자리 주간 운세 2022
1160,쥐띠 오늘의 운세 2020
1161,황소자리 주간 운세 2029
1162,토끼띠 오늘의 운세 2026
1163,천칭자리 별자리 운세 2021
1164,원숭이띠 별자리 운세 2020
1165,호랑이띠 별자리 운세 2037
1166,사수자리 별자리 운세 2034
1167,토끼띠 오늘 운세 2035
1168,사자자리 주간 운세 2030
1169,호랑이띠 별자리 운세 2047
1170,처녀자리 별자리 운세 2034
1171,개띠 띠 운세 2025
1172,양띠 월간 운세 2033
1173,쌍둥이자리 띠 운세 2026
1174,토끼띠 오늘 운세 2043
1175,물고기자리 띠 운세 2027
1176,돼지띠 오늘 운세 2045
1177,양띠 주간 운세 2036
1178,천칭자리 별자리 운세 2049
1179,쥐띠 오늘 운세 2021
1180,천칭자리 월간 운세 2036
1181,쥐띠 오늘 운세 2043
1182,양자리 월간 운세 2039
1183,게자리 띠 운세 2048
1184,개띠 오늘 운세 2039
1185,염소자리 띠 운세 2036
1186,염소자리 월간 운세 2044
1187,물병자리 월간 운세 2029
1188,사자자리 오늘 운세 2020
1189,양자리 주간 운세 2026
1190,용띠 월간 운세 2026
1191,소띠 오늘 운세 2026
1192,양자리 오늘의 운세 2036
1193,원숭이띠 오늘의 운세 2049
1194,처녀자리 주간 운세 2031
1195,사수자리 별자리 운세 2032
1196,소띠 띠 운세 2049
1197,황소자리 오늘 운세 2025
1198,처녀자리 띠 운세 2039
1199,사자자리 띠 운세 2027
1200,사자자리 오늘의 운세 2047
1201,사자자리 월간 운세 2045
1202,염소자리 띠 운세 2033
1203,쥐띠 주간 운세 2034
1204,용띠 월간 운세 2031
1205,토끼띠 오늘의 운세 2033
1206,닭띠 별자리 운세 2032
1207,염소자리 오늘의 운세 2028
1208,천칭자리 오늘 운세 2042
1209,쥐띠 별자리 운세 2040
1210,용띠 오늘의 운세 2021
1211,호랑이띠 주간 운세 2025
1212,처녀자리 주간 운세 2024
1213,돼지띠 주간 운세 2026
1214,사자자리 오늘의 운세 2024
1215,말띠 주간 운세 2030
1216,돼지띠 띠 운세 2048
1217,처녀자리 띠 운세 2037
1218,사수자리 오늘의 운세 2021
1219,전갈자리 월간 운세 2042
1220,호랑이띠 월간 운세 2049
1221,토끼띠 띠 운세 2023
1222,닭띠 오늘 운세 2031
1223,천칭자리 오늘의 운세 2029
1224,사수자리 별자리 운세 2047
1225,처녀자리 오늘의 운세 2021
1226,황소자리 월간 운세 2024
1227,쌍둥이자리 오늘의 운세 2026
1228,원숭이띠 주간 운세 2028
1229,처녀자리 월간 운세 2033
1230,전갈자리 오늘의 운세 2031
1231,토끼띠 오늘 운세 2023
1232,쌍둥이자리 오늘 운세 2022
1233,게자리 별자리 운세 2030
1234,물병자리 오늘의 운세 2047
1235,염소자리 월간 운세 2025
1236,양띠 월간 운세 2042
1237,물병자리 월간 운세 2021
1238,토끼띠 오늘의 운세 2043
1239,용띠 별자리 운세 2027
1240,개띠 주간 운세 2024
1241,물병자리 주간 운세 2036
1242,용띠 오늘 운세 2023
1243,쥐띠 띠 운세 2028
1244,말띠 별자리 운세 2031
1245,양자리 별자리 운세 2029
1246,사수자리 오늘의 운세 2037
1247,개띠 별자리 운세 2029
1248,물병자리 주간 운세 2038
1249,쌍둥이자리 오늘 운세 2024
1250,물병자리 오늘의 운세 2027
1251,뱀띠 띠 운세 2020
1252,닭띠 오늘의 운세 2033
1253,용띠 별자리 운세 2045
1254,호랑이띠 월간 운세 2037
1255,사자자리 오늘 운세 2024
1256,게자리 월간 운세 2021
1257,토끼띠 오늘의 운세 2032
1258,양자리 월간 운세 2027
1259,염소자리 띠 운세 2030
1260,용띠 월간 운세 2046
1261,닭띠 오늘의 운세 2038
1262,소띠 주간 운세 2049
1263,소띠 오늘 운세 2046
1264,사자자리 오늘 운세 2033
1265,말띠 오늘 운세 2049
1266,양자리 오늘 운세 2032
1267,개띠 주간 운세 2045
1268,개띠 오늘 운세 2032
1269,처녀자리 띠 운세 2045
1270,염소자리 월간 운세 2036
1271,사자자리 별자리 운세 2032
1272,사수자리 오늘 운세 2020
1273,천칭자리 오늘 운세 2023
1274,호랑이띠 주간 운세 2033
1275,물고기자리 월간 운세 2042
1276,말띠 별자리 운세 2042
1277,말띠 주간 운세 2021
1278,원숭이띠 띠 운세 2035
1279,원숭이띠 별자리 운세 2030
1280,사자자리 띠 운세 2020
1281,호랑이띠 띠 운세 2035
1282,돼지띠 주간 운세 2039
1283,개띠 오늘의 운세 2038
1284,양자리 주간 운세 2021
1285,사수자리 오늘의 운세 2024
1286,말띠 띠 운세 2029
1287,물고기자리 오늘 운세 2037
1288,처녀자리 별자리 운세 2022
1289,호랑이띠 오늘 운세 2040
1290,염소자리 주간 운세 2026
1291,말띠 월간 운세 2033
1292,물고기자리 오늘 운세 2031
1293,닭띠 별자리 운세 2049
1294,용띠 월간 운세 2047
1295,물고기자리 오늘 운세 2033
1296,양자리 주간 운세 2047
1297,닭띠 오늘의 운세 2027
1298,사자자리 오늘의 운세 2043
1299,호랑이띠 월간 운세 2023
1300,개띠 띠 운세 2049
1301,게자리 오늘의 운세 2039
1302,전갈자리 월간 운세 2048
1303,뱀띠 오늘의 운세 2036
1304,물고기자리 오늘의 운세 2049
1305,황소자리 오늘 운세 2028
1306,황소자리 월간 운세 2021
1307,말띠 띠 운세 2035
1308,전갈자리 오늘 운세 2020
1309,호랑이띠 주간 운세 2035
1310,뱀띠 띠 운세 2025
1311,용띠 주간 운세 2043
1312,소띠 월간 운세 2044
1313,돼지띠 월간 운세 2041
1314,닭띠 주간 운세 2043
1315,전갈자리 오늘 운세 2029
1316,용띠 오늘 운세 2035
1317,물고기자리 주간 운세 2038
1318,염소자리 띠 운세 2031
1319,돼지띠 별자리 운세 2033
1320,호랑이띠 오늘 운세 2049
1321,호랑이띠 월간 운세 2046
1322,양자리 주간 운세 2041
1323,물병자리 오늘의 운세 2032
1324,양자리 별자리 운세 2042
1325,원숭이띠 월간 운세 2023
1326,물병자리 오늘 운세 2045
1327,양자리 오늘 운세 2021
1328,호랑이띠 별자리 운세 2042
1329,양띠 띠 운세 2035
1330,사수자리 띠 운세 2038
1331,용띠 오늘의 운세 2038
1332,사수자리 오늘 운세 2026
1333,염소자리 띠 운세 2049
1334,게자리 주간 운세 2046
1335,염소자리 주간 운세 2038
1336,처녀자리 별자리 운세 2024
1337,양띠 오늘 운세 2036
1338,소띠 주간 운세 2028
1339,물병자리 월간 운세 2042
1340,개띠 띠 운세 2036
1341,닭띠 주간 운세 2030
1342,처녀자리 오늘 운세 2030
1343,뱀띠 띠 운세 2045
1344,염소자리 별자리 운세 2020
1345,돼지띠 주간 운세 2037
1346,처녀자리 주간 운세 2046
1347,말띠 오늘 운세 2048
1348,쌍둥이자리 별자리 운세 2026
1349,소띠 오늘 운세 2023
1350,말띠 주간 운세 2032
1351,천칭자리 오늘 운세 2025
1352,사수자리 주간 운세 2032
1353,돼지띠 별자리 운세 2032
1354,사수자리 주간 운세 2024
1355,원숭이띠 띠 운세 2020
1356,호랑이띠 오늘 운세 2027
1357,게자리 주간 운세 2030
1358,염소자리 오늘의 운세 2049
1359,사수자리 별자리 운세 2030
1360,소띠 오늘 운세 2044
1361,원숭이띠 주간 운세 2027
1362,천칭자리 월간 운세 2033
1363,염소자리 오늘 운세 2024
1364,황소자리 주간 운세 2022
1365,양자리 별자리 운세 2021
1366,돼지띠 띠 운세 2034
1367,뱀띠 주간 운세 2025
1368,물병자리 띠 운세 2027
1369,천칭자리 오늘의 운세 2026
1370,물고기자리 오늘 운세 2039
1371,물병자리 별자리 운세 2048
1372,용띠 띠 운세 2042
1373,천칭자리 별자리 운세 2043
1374,천칭자리 별자리 운세 2031
1375,사자자리 오늘의 운세 2039
1376,양자리 주간 운세 2040
1377,사수자리 월간 운세 2026
1378,물병자리 주간 운세 2031
1379,쌍둥이자리 별자리 운세 2029
1380,소띠 오늘의 운세 2038
1381,토끼띠 별자리 운세 2038
1382,개띠 오늘 운세 2025
1383,용띠 오늘 운세 2028
1384,천칭자리 오늘 운세 2047
1385,토끼띠 별자리 운세 2041
1386,쥐띠 주간 운세 2041
1387,양띠 주간 운세 2046
1388,전갈자리 별자리 운세 2028
1389,물병자리 오늘 운세 2037
1390,돼지띠 별자리 운세 2044
1391,물병자리 오늘의 운세 2029
1392,물병자리 오늘의 운세 2022
1393,사수자리 주간 운세 2043
1394,양띠 월간 운세 2046
1395,호랑이띠 띠 운세 2025
1396,쥐띠 띠 운세 2023
1397,돼지띠 띠 운세 2024
1398,사수자리 오늘 운세 2039
1399,뱀띠 오늘의 운세 2048
1400,개띠 별자리 운세 2025
1401,토끼띠 별자리 운세 2036
1402,뱀띠 띠 운세 2039
1403,전갈자리 월간 운세 2022
1404,양띠 주간 운세 2023
1405,돼지띠 오늘 운세 2049
1406,말띠 별자리 운세 2039
1407,쥐띠 주간 운세 2035
1408,물고기자리 띠 운세 2021
1409,소띠 주간 운세 2020
1410,소띠 별자리 운세 2037
1411,사수자리 월간 운세 2048
1412,돼지띠 별자리 운세 2049
1413,황소자리 오늘 운세 2024
1414,개띠 월간 운세 2029
1415,황소자리 띠 운세 2040
1416,닭띠 오늘의 운세 2044
1417,쥐띠 오늘 운세 2046
1418,원숭이띠 오늘 운세 2041
1419,쌍둥이자리 월간 운세 2035
1420,물병자리 오늘의 운세 2042
1421,쥐띠 별자리 운세 2026
1422,닭띠 월간 운세 2024
1423,염소자리 오늘의 운세 2020
1424,닭띠 주간 운세 2022
1425,돼지띠 오늘 운세 2038
1426,원숭이띠 오늘의 운세 2025
1427,호랑이띠 월간 운세 2031
1428,물고기자리 오늘 운세 2042
1429,처녀자리 띠 운세 2023
1430,황소자리 오늘의 운세 2037
1431,돼지띠 별자리 운세 2027
1432,천칭자리 오늘 운세 2035
1433,토끼띠 주간 운세 2027
1434,사자자리 주간 운세 2029
1435,양자리 띠 운세 2040
1436,토끼띠 월간 운세 2032
1437,원숭이띠 오늘의 운세 2033
1438,돼지띠 오늘 운세 2032
1439,호랑이띠 월간 운세 2043
1440,소띠 오늘의 운세 2035
1441,양자리 오늘의 운세 2022
1442,말띠 띠 운세 2041
1443,사수자리 별자리 운세 2039
1444,황소자리 오늘의 운세 2031
1445,개띠 별자리 운세 2022
1446,물병자리 오늘 운세 2020
1447,뱀띠 별자리 운세 2031
1448,양띠 오늘의 운세 2022
1449,쥐띠 월간 운세 2030
1450,말띠 주간 운세 2045
1451,게자리 별자리 운세 2022
1452,쌍둥이자리 별자리 운세 2043
1453,처녀자리 오늘의 운세 2046
1454,물병자리 오늘 운세 2031
1455,용띠 월간 운세 2035
1456,사자자리 오늘 운세 2049
1457,토끼띠 오늘 운세 2022
1458,뱀띠 주간 운세 2027
1459,물고기자리 월간 운세 2020
1460,돼지띠 띠 운세 2031
1461,염소자리 띠 운세 2029
1462,천칭자리 별자리 운세 2036
1463,염소자리 별자리 운세 2024
1464,전갈자리 월간 운세 2024
1465,토끼띠 주간 운세 2026
1466,처녀자리 오늘 운세 2044
1467,쥐띠 주간 운세 2028
1468,게자리 별자리 운세 2037
1469,천칭자리 월간 운세 2028
1470,전갈자리 월간 운세 2034
1471,개띠 오늘의 운세 2028
1472,원숭이띠 주간 운세 2042
1473,양자리 오늘 운세 2029
1474,원숭이띠 오늘 운세 2031
1475,처녀자리 오늘 운세 2041
1476,사수자리 오늘 운세 2030
1477,원숭이띠 오늘의 운세 2031
1478,닭띠 띠 운세 2034
1479,쥐띠 월간 운세 2029
1480,돼지띠 띠 운세 2033
1481,사자자리 오늘 운세 2034
1482,원숭이띠 월간 운세 2038
1483,천칭자리 오늘의 운세 2040
1484,천칭자리 별자리 운세 2024
1485,원숭이띠 주간 운세 2033
1486,사수자리 오늘의 운세 2031
1487,사자자리 띠 운세 2036
1488,사자자리 오늘 운세 2036
1489,개띠 월간 운세 2042
1490,전갈자리 별자리 운세 2023
1491,쌍둥이자리 오늘 운세 2037
1492,사자자리 별자리 운세 2030
1493,쥐띠 주간 운세 2040
1494,용띠 별자리 운세 2046
1495,염소자리 오늘의 운세 2026
1496,돼지띠 주간 운세 2027
1497,게자리 띠 운세 2020
1498,뱀띠 띠 운세 2040
1499,말띠 월간 운세 2038
1500,염소자리 월간 운세 2043
1501,닭띠 주간 운세 2025
1502,처녀자리 별자리 운세 2033
1503,돼지띠 주간 운세 2034
1504,쥐띠 오늘 운세 2033
1505,물병자리 주간 운세 2039
1506,말띠 오늘 운세 2036
1507,염소자리 오늘의 운세 2040
1508,물고기자리 오늘의 운세 2020
1509,처녀자리 별자리 운세 2028
1510,게자리 주간 운세 2031
1511,소띠 오늘 운세 2039
1512,소띠 월간 운세 2024
1513,말띠 오늘의 운세 2020
1514,사자자리 오늘 운세 2025
1515,용띠 별자리 운세 2044
1516,처녀자리 별자리 운세 2029
1517,천칭자리 오늘의 운세 2025
1518,뱀띠 오늘 운세 2039
1519,물고기자리 월간 운세 2029
1520,양띠 오늘의 운세 2020
1521,양띠 월간 운세 2034
1522,처녀자리 별자리 운세 2047
1523,황소자리 주간 운세 2030
1524,말띠 오늘의 운세 2031
1525,게자리 오늘 운세 2025
1526,원숭이띠 띠 운세 2024
1527,뱀띠 주간 운세 2034
1528,황소자리 주간 운세 2021
1529,쌍둥이자리 오늘의 운세 2049
1530,황소자리 별자리 운세 2032
1531,게자리 별자리 운세 2033
1532,돼지띠 월간 운세 2039
1533,처녀자리 띠 운세 2034
1534,닭띠 월간 운세 2027
1535,호랑이띠 오늘 운세 2038
1536,쥐띠 별자리 운세 2049
1537,소띠 오늘의 운세 2046
1538,개띠 오늘 운세 2041
1539,개띠 별자리 운세 2043
1540,천칭자리 주간 운세 2033
1541,물고기자리 별자리 운세 2036
1542,사자자리 별자리 운세 2039
1543,전갈자리 월간 운세 2045
1544,돼지띠 월간 운세 2035
1545,원숭이띠 오늘의 운세 2040
1546,물고기자리 주간 운세 2049
1547,전갈자리 월간 운세 2035
1548,천칭자리 별자리 운세 2030
1549,물고기자리 오늘의 운세 2045
1550,용띠 오늘 운세 2036
1551,용띠 오늘의 운세 2023
1552,호랑이띠 별자리 운세 2027
1553,염소자리 별자리 운세 2021
1554,양자리 오늘의 운세 2037
1555,용띠 오늘의 운세 2032
1556,소띠 오늘의 운세 2020
1557,양띠 오늘의 운세 2043
1558,물병자리 월간 운세 2038
1559,게자리 월간 운세 2027
1560,물병자리 월간 운세 2033
1561,닭띠 별자리 운세 2027
1562,쥐띠 오늘 운세 2036
1563,양띠 오늘의 운세 2046
1564,황소자리 오늘 운세 2037
1565,뱀띠 월간 운세 2027
1566,용띠 오늘의 운세 2041
1567,호랑이띠 별자리 운세 2040
1568,토끼띠 월간 운세 2046
1569,용띠 별자리 운세 2039
1570,말띠 별자리 운세 2027
1571,닭띠 주간 운세 2031
1572,염소자리 띠 운세 2045
1573,말띠 오늘의 운세 2035
1574,돼지띠 별자리 운세 2041
1575,물고기자리 월간 운세 2040
1576,개띠 주간 운세 2026
1577,쥐띠 주간 운세 2049
1578,토끼띠 별자리 운세 2030
1579,전갈자리 오늘 운세 2031
1580,쌍둥이자리 별자리 운세 2041
1581,뱀띠 주간 운세 2024
1582,호랑이띠 오늘의 운세 2037
1583,전갈자리 별자리 운세 2048
1584,사자자리 별자리 운세 2049
1585,토끼띠 오늘의 운세 2028
1586,쥐띠 월간 운세 2025
1587,소띠 주간 운세 2025
1588,양자리 별자리 운세 2024
1589,쌍둥이자리 주간 운세 2049
1590,개띠 띠 운세 2033
1591,사수자리 주간 운세 2023
1592,용띠 오늘 운세 2030
1593,게자리 오늘의 운세 2043
1594,물고기자리 오늘의 운세 2047
1595,천칭자리 월간 운세 2049
1596,물병자리 오늘의 운세 2044
1597,소띠 띠 운세 2034
1598,양띠 오늘의 운세 2032
1599,물고기자리 오늘의 운세 2039
1600,용띠 월간 운세 2033
1601,뱀띠 주간 운세 2038
1602,개띠 별자리 운세 2030
1603,물병자리 월간 운세 2037
1604,물병자리 오늘의 운세 2024
1605,돼지띠 월간 운세 2036
1606,닭띠 주간 운세 2038
1607,양띠 오늘 운세 2035
1608,물병자리 오늘의 운세 2033
1609,쌍둥이자리 주간 운세 2034
1610,황소자리 오늘 운세 2049
1611,쌍둥이자리 별자리 운세 2038
1612,처녀자리 주간 운세 2040
1613,양자리 오늘 운세 2041
1614,뱀띠 별자리 운세 2038
1615,용띠 주간 운세 2035
1616,천칭자리 별자리 운세 2041
1617,쌍둥이자리 월간 운세 2020
1618,토끼띠 월간 운세 2043
1619,용띠 별자리 운세 2020
1620,말띠 별자리 운세 2036
1621,양자리 띠 운세 2031
1622,염소자리 띠 운세 2032
1623,처녀자리 오늘의 운세 2043
1624,원숭이띠 띠 운세 2049
1625,호랑이띠 띠 운세 2021
1626,원숭이띠 오늘 운세 2028
1627,토끼띠 오늘 운세 2026
1628,용띠 월간 운세 2029
1629,호랑이띠 별자리 운세 2033
1630,사수자리 오늘 운세 2048
1631,소띠 별자리 운세 2036
1632,소띠 별자리 운세 2030
1633,황소자리 오늘의 운세 2022
1634,뱀띠 띠 운세 2029
1635,황소자리 별자리 운세 2022
1636,염소자리 띠 운세 2034
1637,뱀띠 오늘 운세 2042
1638,황소자리 월간 운세 2032
1639,말띠 오늘의 운세 2036
1640,전갈자리 주간 운세 2029
1641,사수자리 월간 운세 2039
1642,양자리 주간 운세 2023
1643,쌍둥이자리 오늘 운세 2043
1644,게자리 오늘의 운세 2038
1645,양띠 띠 운세 2028
1646,황소자리 오늘의 운세 2046
1647,황소자리 오늘의 운세 2039
1648,양자리 별자리 운세 2032
1649,처녀자리 오늘의 운세 2025
1650,토끼띠 별자리 운세 2040
1651,염소자리 오늘 운세 2033
1652,염소자리 주간 운세 2039
1653,천칭자리 주간 운세 2032
1654,원숭이띠 별자리 운세 2045
1655,호랑이띠 오늘 운세 2043
1656,사자자리 주간 운세 2039
1657,닭띠 오늘의 운세 2024
1658,용띠 오늘 운세 2049
1659,말띠 별자리 운세 2028
1660,천칭자리 주간 운세 2030
1661,전갈자리 오늘 운세 2024
1662,양띠 주간 운세 2028
1663,토끼띠 월간 운세 2036
1664,황소자리 오늘 운세 2048
1665,물고기자리 별자리 운세 2032
1666,천칭자리 오늘 운세 2022
1667,염소자리 주간 운세 2032
1668,돼지띠 띠 운세 2035
1669,물고기자리 주간 운세 2020
1670,사수자리 오늘의 운세 2039
1671,염소자리 월간 운세 2026
1672,사자자리 월간 운세 2029
1673,쥐띠 월간 운세 2021
1674,게자리 월간 운세 2026
1675,쥐띠 오늘의 운세 2024
1676,염소자리 오늘의 운세 2044
1677,뱀띠 주간 운세 2042
1678,뱀띠 오늘 운세 2044
1679,황소자리 띠 운세 2027
1680,개띠 띠 운세 2047
1681,말띠 월간 운세 2035
1682,전갈자리 월간 운세 2023
1683,양띠 월간 운세 2047
1684,양자리 띠 운세 2039
1685,쌍둥이자리 띠 운세 2025
1686,돼지띠 별자리 운세 2034
1687,양띠 별자리 운세 2027
1688,쥐띠 오늘의 운세 2032
1689,닭띠 오늘 운세 2037
1690,용띠 주간 운세 2044
1691,게자리 오늘의 운세 2027
1692,물병자리 월간 운세 2044
1693,사수자리 띠 운세 2032
1694,뱀띠 띠 운세 2032
1695,염소자리 띠 운세 2048
1696,뱀띠 오늘 운세 2038
1697,용띠 월간 운세 2038
1698,사자자리 월간 운세 2035
1699,쌍둥이자리 오늘 운세 2040
1700,양자리 띠 운세 2048
1701,쌍둥이자리 월간 운세 2032
1702,게자리 별자리 운세 2040
1703,황소자리 오늘 운세 2038
1704,게자리 오늘 운세 2021
1705,닭띠 주간 운세 2045
1706,개띠 주간 운세 2043
1707,전갈자리 오늘의 운세 2046
1708,뱀띠 오늘 운세 2040
1709,토끼띠 띠 운세 2045
1710,전갈자리 오늘 운세 2039
1711,물고기자리 주간 운세 2035
1712,말띠 오늘 운세 2030
1713,개띠 월간 운세 2033
1714,원숭이띠 월간 운세 2030
1715,사수자리 띠 운세 2041
1716,개띠 주간 운세 2034
1717,쥐띠 월간 운세 2028
1718,물병자리 주간 운세 2049
1719,개띠 월간 운세 2022
1720,토끼띠 주간 운세 2025
1721,쥐띠 주간 운세 2044
1722,처녀자리 별자리 운세 2046
1723,황소자리 별자리 운세 2020
1724,쌍둥이자리 띠 운세 2040
1725,양자리 별자리 운세 2038
1726,쌍둥이자리 별자리 운세 2034
1727,돼지띠 월간 운세 2042
1728,전갈자리 오늘의 운세 2033
1729,천칭자리 월간 운세 2039
1730,원숭이띠 오늘 운세 2040
1731,용띠 별자리 운세 2034
1732,말띠 별자리 운세 2047
1733,양띠 띠 운세 2021
1734,호랑이띠 오늘의 운세 2043
1735,소띠 오늘 운세 2032
1736,개띠 월간 운세 2024
1737,황소자리 오늘 운세 2040
1738,개띠 오늘 운세 2026
1739,용띠 주간 운세 2048
1740,쌍둥이자리 띠 운세 2034
1741,사자자리 별자리 운세 2047
1742,물고기자리 월간 운세 2045
1743,물고기자리 별자리 운세 2026
1744,호랑이띠 주간 운세 2049
1745,양자리 오늘 운세 2036
1746,사수자리 주간 운세 2029
1747,소띠 별자리 운세 2032
1748,원숭이띠 월간 운세 2021
1749,쌍둥이자리 오늘의 운세 2022
1750,쌍둥이자리 오늘의 운세 2039
1751,천칭자리 별자리 운세 2034
1752,물병자리 월간 운세 2034
1753,양자리 별자리 운세 2026
1754,물고기자리 오늘의 운세 2041
1755,쌍둥이자리 오늘의 운세 2027
1756,뱀띠 월간 운세 2028
1757,염소자리 별자리 운세 2031
1758,사자자리 오늘의 운세 2021
1759,물고기자리 오늘의 운세 2043
1760,닭띠 띠 운세 2049
1761,황소자리 띠 운세 2032
1762,사수자리 별자리 운세 2038
1763,사자자리 오늘 운세 2026
1764,뱀띠 오늘의 운세 2025
1765,개띠 띠 운세 2031
1766,천칭자리 주간 운세 2046
1767,원숭이띠 주간 운세 2024
1768,황소자리 월간 운세 2049
1769,닭띠 월간 운세 2028
1770,천칭자리 띠 운세 2039
1771,사수자리 별자리 운세 2037
1772,황소자리 오늘 운세 2020
1773,황소자리 띠 운세 2046
1774,토끼띠 띠 운세 2038
1775,염소자리 주간 운세 2046
1776,호랑이띠 오늘 운세 2024
1777,양띠 주간 운세 2048
1778,물고기자리 별자리 운세 2047
1779,게자리 주간 운세 2034
1780,사수자리 띠 운세 2047
1781,전갈자리 별자리 운세 2037
1782,게자리 월간 운세 2020
1783,닭띠 오늘 운세 2027
1784,게자리 주간 운세 2033
1785,양띠 오늘 운세 2031
1786,용띠 주간 운세 2037
1787,처녀자리 주간 운세 2044
1788,사자자리 주간 운세 2046
1789,물병자리 띠 운세 2047
1790,사자자리 띠 운세 2039
1791,쌍둥이자리 띠 운세 2031
1792,처녀자리 주간 운세 2025
1793,닭띠 주간 운세 2039
1794,천칭자리 띠 운세 2046
1795,소띠 월간 운세 2028
1796,원숭이띠 주간 운세 2040
1797,물고기자리 오늘의 운세 2025
1798,닭띠 오늘 운세 2038
1799,쥐띠 띠 운세 2030
1800,사수자리 오늘 운세 2040
1801,게자리 오늘의 운세 2029
1802,물병자리 별자리 운세 2045
1803,게자리 오늘 운세 2043
1804,말띠 주간 운세 2038
1805,천칭자리 띠 운세 2021
1806,쌍둥이자리 주간 운세 2027
1807,호랑이띠 오늘 운세 2021
1808,개띠 월간 운세 2026
1809,말띠 오늘 운세 2021
1810,쥐띠 월간 운세 2023
1811,천칭자리 월간 운세 2035
1812,사수자리 오늘의 운세 2022
1813,소띠 주간 운세 2035
1814,소띠 오늘 운세 2030
1815,처녀자리 주간 운세 2035
1816,사자자리 월간 운세 2046
1817,쌍둥이자리 오늘 운세 2036
1818,양자리 띠 운세 2025
1819,양띠 별자리 운세 2034
1820,개띠 오늘 운세 2021
1821,원숭이띠 주간 운세 2020
1822,게자리 띠 운세 2032
1823,뱀띠 오늘 운세 2032
1824,개띠 별자리 운세 2035
1825,양자리 띠 운세 2036
1826,쥐띠 주간 운세 2030
1827,용띠 월간 운세 2037
1828,양자리 월간 운세 2044
1829,물병자리 별자리 운세 2025
1830,뱀띠 오늘 운세 2049
1831,말띠 월간 운세 2032
1832,사수자리 띠 운세 2035
1833,뱀띠 주간 운세 2045
1834,양띠 띠 운세 2038
1835,개띠 오늘의 운세 2047
1836,전갈자리 주간 운세 2047
1837,말띠 별자리 운세 2038
1838,쌍둥이자리 오늘 운세 2038
1839,황소자리 오늘의 운세 2043
1840,용띠 띠 운세 2024
1841,천칭자리 오늘의 운세 2032
1842,게자리 띠 운세 2027
1843,돼지띠 별자리 운세 2021
1844,전갈자리 띠 운세 2028
1845,토끼띠 별자리 운세 2048
1846,말띠 주간 운세 2042
1847,황소자리 월간 운세 2020
1848,닭띠 띠 운세 2037
1849,처녀자리 월간 운세 2025
1850,전갈자리 오늘 운세 2032
1851,쥐띠 월간 운세 2036
1852,용띠 오늘의 운세 2036
1853,소띠 월간 운세 2025
1854,양자리 오늘의 운세 2029
1855,닭띠 별자리 운세 2023
1856,양자리 오늘의 운세 2045
1857,물고기자리 주간 운세 2034
1858,쥐띠 띠 운세 2037
1859,쥐띠 주간 운세 2022
1860,쌍둥이자리 주간 운세 2040
1861,게자리 오늘의 운세 2036
1862,쥐띠 오늘의 운세 2041
1863,양띠 월간 운세 2030
1864,양띠 주간 운세 2024
1865,물고기자리 월간 운세 2026
1866,천칭자리 띠 운세 2044
1867,쥐띠 별자리 운세 2033
1868,뱀띠 오늘 운세 2030
1869,사수자리 띠 운세 2026
1870,소띠 오늘의 운세 2040
1871,쌍둥이자리 띠 운세 2045
1872,쌍둥이자리 오늘의 운세 2034
1873,물고기자리 오늘의 운세 2048
1874,용띠 주간 운세 2021
1875,개띠 오늘의 운세 2048
1876,양띠 오늘의 운세 2039
1877,양자리 월간 운세 2035
1878,양띠 오늘 운세 2024
1879,용띠 주간 운세 2032
1880,사수자리 별자리 운세 2049
1881,소띠 별자리 운세 2034
1882,처녀자리 별자리 운세 2039
1883,쥐띠 오늘 운세 2045
1884,사자자리 주간 운세 2037
1885,양띠 주간 운세 2020
1886,물고기자리 별자리 운세 2029
1887,게자리 오늘 운세 2038
1888,개띠 주간 운세 2035
1889,물병자리 월간 운세 2049
1890,전갈자리 오늘 운세 2048
1891,황소자리 월간 운세 2036
1892,소띠 주간 운세 2021
1893,개띠 오늘 운세 2047
1894,닭띠 별자리 운세 2031
1895,말띠 오늘 운세 2031
1896,처녀자리 오늘 운세 2038
1897,토끼띠 별자리 운세 2022
1898,사수자리 별자리 운세 2046
1899,말띠 띠 운세 2033
1900,개띠 별자리 운세 2038
1901,양자리 별자리 운세 2036
1902,닭띠 별자리 운세 2030
1903,돼지띠 띠 운세 2049
1904,쌍둥이자리 띠 운세 2032
1905,사수자리 별자리 운세 2029
1906,쌍둥이자리 오늘 운세 2026
1907,양자리 별자리 운세 2031
1908,닭띠 오늘 운세 2021
1909,쥐띠 오늘의 운세 2044
1910,처녀자리 띠 운세 2042
1911,양자리 별자리 운세 2048
1912,양띠 오늘의 운세 2038
1913,염소자리 오늘의 운세 2025
1914,말띠 월간 운세 2020
1915,사수자리 월간 운세 2037
1916,쌍둥이자리 띠 운세 2041
1917,물고기자리 오늘 운세 2028
1918,양띠 오늘 운세 2021
1919,쌍둥이자리 별자리 운세 2048
1920,쥐띠 오늘의 운세 2047
1921,개띠 주간 운세 2033
1922,용띠 띠 운세 2031
1923,돼지띠 별자리 운세 2040
1924,쌍둥이자리 오늘 운세 2039
1925,염소자리 오늘의 운세 2033
1926,처녀자리 오늘 운세 2025
1927,사수자리 띠 운세 2024
1928,천칭자리 오늘의 운세 2044
1929,용띠 주간 운세 2047
1930,원숭이띠 띠 운세 2047
1931,쌍둥이자리 주간 운세 2028
1932,양띠 오늘 운세 2025
1933,처녀자리 주간 운세 2049
1934,쥐띠 오늘의 운세 2034
1935,호랑이띠 월간 운세 2027
1936,말띠 별자리 운세 2030
1937,호랑이띠 띠 운세 2049
1938,사수자리 별자리 운세 2021
1939,물고기자리 오늘 운세 2025
1940,돼지띠 월간 운세 2027
1941,양자리 오늘 운세 2025
1942,닭띠 오늘 운세 2048
1943,쌍둥이자리 별자리 운세 2025
1944,염소자리 주간 운세 2041
1945,물고기자리 오늘의 운세 2033
1946,사자자리 오늘 운세 2023
1947,말띠 주간 운세 2022
1948,닭띠 오늘의 운세 2034
1949,처녀자리 주간 운세 2033
1950,천칭자리 주간 운세 2023
1951,호랑이띠 주간 운세 2028
1952,말띠 별자리 운세 2026
1953,닭띠 주간 운세 2026
1954,천칭자리 오늘의 운세 2034
1955,사자자리 주간 운세 2032
1956,처녀자리 월간 운세 2045
1957,물고기자리 별자리 운세 2022
1958,개띠 별자리 운세 2046
1959,양띠 별자리 운세 2046
1960,염소자리 주간 운세 2044
1961,처녀자리 오늘 운세 2045
1962,뱀띠 별자리 운세 2025
1963,처녀자리 띠 운세 2027
1964,쥐띠 오늘 운세 2035
1965,사수자리 월간 운세 2040
1966,말띠 별자리 운세 2025
1967,호랑이띠 띠 운세 2033
1968,말띠 오늘의 운세 2043
1969,천칭자리 오늘의 운세 2041
1970,쌍둥이자리 월간 운세 2040
1971,닭띠 주간 운세 2034
1972,용띠 오늘 운세 2042
1973,전갈자리 오늘의 운세 2037
1974,뱀띠 주간 운세 2022
1975,호랑이띠 별자리 운세 2022
1976,물고기자리 주간 운세 2033
1977,말띠 월간 운세 2045
1978,물고기자리 주간 운세 2047
1979,게자리 띠 운세 2022
1980,사자자리 오늘 운세 2045
1981,게자리 월간 운세 2030
1982,사자자리 별자리 운세 2021
1983,물병자리 오늘의 운세 2040
1984,천칭자리 월간 운세 2026
1985,말띠 오늘의 운세 2048
1986,소띠 월간 운세 2038
1987,천칭자리 오늘의 운세 2042
1988,원숭이띠 오늘의 운세 2027
1989,토끼띠 주간 운세 2022
1990,쌍둥이자리 오늘의 운세 2041
1991,염소자리 띠 운세 2028
1992,말띠 주간 운세 2046
1993,양띠 오늘 운세 2022
1994,말띠 띠 운세 2047
1995,쌍둥이자리 오늘 운세 2027
1996,원숭이띠 월간 운세 2026
1997,개띠 월간 운세 2023
1998,쌍둥이자리 오늘의 운세 2043
1999,뱀띠 별자리 운세 2032
2000,뱀띠 오늘의 운세 2040
2001,용띠 별자리 운세 2037
2002,염소자리 별자리 운세 2043
2003,전갈자리 띠 운세 2020
2004,황소자리 주간 운세 2033
2005,물고기자리 주간 운세 2029
2006,토끼띠 월간 운세 2048
2007,천칭자리 오늘의 운세 2021
2008,호랑이띠 별자리 운세 2032
2009,게자리 주간 운세 2029
2010,용띠 띠 운세 2027
2011,개띠 띠 운세 2045
2012,물병자리 오늘 운세 2047
2013,호랑이띠 오늘 운세 2028
2014,돼지띠 별자리 운세 2046
2015,양띠 띠 운세 2039
2016,토끼띠 띠 운세 2029
2017,물병자리 오늘 운세 2034
2018,소띠 오늘의 운세 2021
2019,원숭이띠 띠 운세 2039
2020,원숭이띠 오늘의 운세 2034
2021,처녀자리 월간 운세 2039
2022,돼지띠 오늘의 운세 2026
2023,개띠 별자리 운세 2041
2024,사자자리 별자리 운세 2048
2025,뱀띠 띠 운세 2026
2026,뱀띠 띠 운세 2030
2027,돼지띠 월간 운세 2032
2028,황소자리 띠 운세 2021
2029,토끼띠 오늘 운세 2032
2030,뱀띠 띠 운세 2028
2031,개띠 주간 운세 2047
2032,처녀자리 띠 운세 2041
2033,양띠 월간 운세 2044
2034,개띠 주간 운세 2030
2035,전갈자리 띠 운세 2041
2036,천칭자리 주간 운세 2028
2037,개띠 띠 운세 2046
2038,천칭자리 오늘 운세 2026
2039,처녀자리 띠 운세 2046
2040,양자리 오늘의 운세 2027
2041,개띠 띠 운세 2039
2042,쥐띠 주간 운세 2021
2043,물병자리 월간 운세 2040
2044,뱀띠 주간 운세 2041
2045,개띠 오늘의 운세 2022
2046,쌍둥이자리 별자리 운세 2022
2047,토끼띠 오늘 운세 2048
2048,원숭이띠 별자리 운세 2023
2049,개띠 별자리 운세 2020
2050,쌍둥이자리 오늘 운세 2044
2051,사수자리 주간 운세 2027
2052,천칭자리 주간 운세 2044
2053,양띠 오늘의 운세 2049
2054,뱀띠 주간 운세 2035
2055,사수자리 월간 운세 2025
2056,호랑이띠 주간 운세 2043
2057,개띠 오늘 운세 2033
2058,게자리 주간 운세 2049
2059,물병자리 주간 운세 2033
2060,게자리 오늘의 운세 2044
2061,돼지띠 오늘 운세 2033
2062,천칭자리 주간 운세 2020
2063,염소자리 주간 운세 2045
2064,양자리 띠 운세 2047
2065,소띠 월간 운세 2030
2066,호랑이띠 월간 운세 2048
2067,쥐띠 띠 운세 2040
2068,사자자리 오늘 운세 2028
2069,처녀자리 오늘의 운세 2041
2070,돼지띠 별자리 운세 2048
2071,물고기자리 별자리 운세 2031
2072,개띠 오늘 운세 2029
2073,뱀띠 오늘의 운세 2020
2074,사수자리 별자리 운세 2023
2075,말띠 오늘의 운세 2044
2076,돼지띠 오늘 운세 2036
2077,게자리 띠 운세 2049
2078,용띠 오늘 운세 2031
2079,토끼띠 오늘 운세 2042
2080,전갈자리 별자리 운세 2045
2081,물고기자리 오늘 운세 2032
2082,말띠 띠 운세 2026
2083,닭띠 별자리 운세 2028
2084,뱀띠 월간 운세 2047
2085,말띠 오늘 운세 2038
2086,염소자리 월간 운세 2034
2087,물병자리 오늘 운세 2025
2088,염소자리 주간 운세 2035
2089,개띠 오늘의 운세 2044
2090,처녀자리 월간 운세 2023
2091,게자리 월간 운세 2035
2092,전갈자리 오늘의 운세 2048
2093,사자자리 띠 운세 2026
2094,사자자리 월간 운세 2027
2095,뱀띠 주간 운세 2049
2096,돼지띠 오늘 운세 2034
2097,염소자리 오늘 운세 2032
2098,게자리 오늘의 운세 2033
2099,게자리 오늘 운세 2027
2100,천칭자리 월간 운세 2045
2101,사자자리 오늘 운세 2035
2102,원숭이띠 오늘의 운세 2022
2103,닭띠 주간 운세 2032
2104,천칭자리 띠 운세 2025
2105,토끼띠 오늘 운세 2037
2106,쌍둥이자리 오늘의 운세 2045
2107,황소자리 월간 운세 2038
2108,물병자리 오늘의 운세 2039
2109,염소자리 오늘 운세 2034
2110,말띠 띠 운세 2020
2111,양띠 월간 운세 2032
2112,처녀자리 오늘의 운세 2035
2113,뱀띠 별자리 운세 2027
2114,말띠 오늘의 운세 2041
2115,쌍둥이자리 별자리 운세 2023
2116,전갈자리 월간 운세 2021
2117,염소자리 오늘의 운세 2024
2118,뱀띠 오늘의 운세 2021
2119,물고기자리 오늘 운세 2043
2120,물고기자리 띠 운세 2040
2121,염소자리 별자리 운세 2039
2122,물고기자리 월간 운세 2033
2123,사수자리 띠 운세 2045
2124,전갈자리 주간 운세 2021
2125,쥐띠 별자리 운세 2047
2126,소띠 월간 운세 2049
2127,염소자리 띠 운세 2040
2128,호랑이띠 오늘 운세 2046
2129,호랑이띠 오늘의 운세 2041
2130,원숭이띠 오늘의 운세 2029
2131,용띠 띠 운세 2039
2132,호랑이띠 월간 운세 2028
2133,용띠 별자리 운세 2029
2134,쥐띠 오늘의 운세 2035
2135,물병자리 오늘 운세 2024
2136,쥐띠 월간 운세 2039
2137,전갈자리 주간 운세 2028
2138,천칭자리 월간 운세 2043
2139,물고기자리 주간 운세 2042
2140,물고기자리 별자리 운세 2041
2141,양자리 월간 운세 2048
2142,쥐띠 띠 운세 2021
2143,소띠 별자리 운세 2026
2144,황소자리 띠 운세 2035
2145,양자리 띠 운세 2022
2146,쥐띠 오늘 운세 2029
2147,염소자리 띠 운세 2038
2148,호랑이띠 오늘의 운세 2038
2149,양띠 별자리 운세 2049
2150,호랑이띠 띠 운세 2039
2151,돼지띠 오늘의 운세 2049
2152,닭띠 오늘의 운세 2049
2153,원숭이띠 띠 운세 2040
2154,염소자리 띠 운세 2043
2155,쌍둥이자리 별자리 운세 2035
2156,호랑이띠 오늘의 운세 2034
2157,뱀띠 띠 운세 2037
2158,말띠 띠 운세 2048
2159,닭띠 오늘의 운세 2041
2160,사자자리 별자리 운세 2035
2161,물고기자리 월간 운세 2048
2162,염소자리 오늘 운세 2030
2163,사수자리 오늘의 운세 2034
2164,소띠 띠 운세 2036
2165,천칭자리 띠 운세 2026
2166,돼지띠 띠 운세 2023
2167,황소자리 별자리 운세 2045
2168,쥐띠 오늘의 운세 2028
2169,뱀띠 별자리 운세 2041
2170,황소자리 오늘의 운세 2020
2171,사자자리 주간 운세 2021
2172,호랑이띠 오늘의 운세 2024
2173,쌍둥이자리 오늘의 운세 2023
2174,처녀자리 주간 운세 2032
2175,소띠 월간 운세 2031
2176,개띠 별자리 운세 2026
2177,닭띠 월간 운세 2025
2178,개띠 띠 운세 2026
2179,말띠 오늘의 운세 2034
2180,원숭이띠 오늘의 운세 2046
2181,닭띠 오늘 운세 2033
2182,닭띠 별자리 운세 2021
2183,천칭자리 월간 운세 2031
2184,뱀띠 띠 운세 2034
2185,소띠 월간 운세 2029
2186,돼지띠 띠 운세 2022
2187,처녀자리 주간 운세 2026
2188,천칭자리 띠 운세 2041
2189,쥐띠 주간 운세 2043
2190,뱀띠 별자리 운세 2029
2191,물병자리 주간 운세 2047
2192,황소자리 주간 운세 2049
2193,닭띠 주간 운세 2046
2194,원숭이띠 오늘 운세 2046
2195,염소자리 월간 운세 2021
2196,소띠 주간 운세 2029
2197,사자자리 주간 운세 2041
2198,물고기자리 주간 운세 2022
2199,뱀띠 오늘의 운세 2033
2200,소띠 오늘 운세 2045
2201,소띠 주간 운세 2048
2202,물고기자리 주간 운세 2030
2203,처녀자리 오늘 운세 2037
2204,양띠 월간 운세 2021
2205,말띠 띠 운세 2032
2206,게자리 월간 운세 2042
2207,뱀띠 월간 운세 2048
2208,쥐띠 오늘 운세 2023
2209,소띠 주간 운세 2046
2210,게자리 월간 운세 2047
2211,물병자리 오늘의 운세 2043
2212,원숭이띠 별자리 운세 2028
2213,염소자리 띠 운세 2023
2214,쥐띠 월간 운세 2026
2215,물고기자리 띠 운세 2028
2216,토끼띠 오늘 운세 2021
2217,물고기자리 별자리 운세 2042
2218,염소자리 오늘 운세 2026
2219,게자리 오늘의 운세 2023
2220,호랑이띠 월간 운세 2022
2221,뱀띠 별자리 운세 2026
2222,토끼띠 주간 운세 2042
2223,염소자리 별자리 운세 2047
2224,사자자리 오늘 운세 2030
2225,호랑이띠 오늘의 운세 2039
2226,물병자리 오늘 운세 2042
2227,쌍둥이자리 월간 운세 2044
2228,뱀띠 주간 운세 2037
2229,쥐띠 오늘 운세 2039
2230,사수자리 월간 운세 2044
2231,게자리 오늘의 운세 2025
2232,사자자리 월간 운세 2049
2233,뱀띠 오늘의 운세 2034
2234,뱀띠 오늘 운세 2045
2235,말띠 월간 운세 2022
2236,토끼띠 주간 운세 2036
2237,닭띠 월간 운세 2033
2238,쌍둥이자리 주간 운세 2039
2239,돼지띠 오늘의 운세 2027
2240,물고기자리 띠 운세 2023
2241,양자리 주간 운세 2033
2242,돼지띠 오늘의 운세 2041
2243,물고기자리 월간 운세 2032
2244,게자리 오늘의 운세 2032
2245,전갈자리 주간 운세 2024
2246,돼지띠 월간 운세 2024
2247,쌍둥이자리 띠 운세 2039
2248,양자리 오늘 운세 2028
2249,양띠 오늘의 운세 2034
2250,닭띠 별자리 운세 2033
2251,처녀자리 오늘 운세 2021
2252,사자자리 별자리 운세 2042
2253,사수자리 오늘의 운세 2041
2254,소띠 띠 운세 2021
2255,양띠 별자리 운세 2026
2256,돼지띠 별자리 운세 2025
2257,원숭이띠 띠 운세 2023
2258,뱀띠 오늘 운세 2033
2259,말띠 월간 운세 2039
2260,사자자리 주간 운세 2026
2261,게자리 주간 운세 2021
2262,개띠 주간 운세 2048
2263,뱀띠 주간 운세 2029
2264,염소자리 별자리 운세 2048
2265,호랑이띠 주간 운세 2046
2266,원숭이띠 별자리 운세 2027
2267,뱀띠 오늘의 운세 2037
2268,닭띠 띠 운세 2028
2269,물병자리 오늘 운세 2049
2270,돼지띠 오늘 운세 2040
2271,게자리 별자리 운세 2038
2272,전갈자리 오늘의 운세 2022
2273,황소자리 띠 운세 2041
2274,원숭이띠 주간 운세 2021
2275,전갈자리 띠 운세 2030
2276,닭띠 월간 운세 2036
2277,염소자리 오늘 운세 2040
2278,뱀띠 별자리 운세 2042
2279,양자리 별자리 운세 2033
2280,전갈자리 띠 운세 2022
2281,말띠 오늘의 운세 2025
2282,토끼띠 오늘의 운세 2047
2283,황소자리 오늘 운세 2041
2284,용띠 별자리 운세 2040
2285,사자자리 오늘의 운세 2027
2286,사자자리 별자리 운세 2040
2287,토끼띠 띠 운세 2043
2288,말띠 오늘의 운세 2045
2289,처녀자리 오늘의 운세 2045
2290,소띠 띠 운세 2025
2291,물병자리 띠 운세 2048
2292,말띠 월간 운세 2040
2293,돼지띠 오늘 운세 2020
2294,사수자리 오늘의 운세 2042
2295,닭띠 오늘의 운세 2045
2296,닭띠 오늘의 운세 2021
2297,전갈자리 주간 운세 2027
2298,전갈자리 오늘 운세 2038
2299,양자리 오늘 운세 2030
2300,사수자리 오늘의 운세 2047
2301,돼지띠 별자리 운세 2042
2302,돼지띠 주간 운세 2031
2303,양자리 월간 운세 2032
2304,양띠 오늘 운세 2044
2305,사수자리 오늘 운세 2033
2306,물병자리 별자리 운세 2028
2307,황소자리 별자리 운세 2031
2308,호랑이띠 오늘의 운세 2033
2309,쌍둥이자리 별자리 운세 2024
2310,닭띠 월간 운세 2034
2311,원숭이띠 월간 운세 2041
2312,양자리 오늘의 운세 2023
2313,물병자리 띠 운세 2042
2314,황소자리 별자리 운세 2021
2315,소띠 별자리 운세 2033
2316,처녀자리 오늘 운세 2022
2317,돼지띠 주간 운세 2033
2318,소띠 띠 운세 2045
2319,토끼띠 오늘의 운세 2040
2320,물고기자리 주간 운세 2048
2321,사수자리 별자리 운세 2044
2322,물병자리 별자리 운세 2023
2323,처녀자리 주간 운세 2048
2324,양띠 오늘 운세 2045
2325,토끼띠 띠 운세 2022
2326,닭띠 오늘 운세 2043
2327,호랑이띠 주간 운세 2045
2328,닭띠 월간 운세 2040
2329,황소자리 월간 운세 2033
2330,뱀띠 주간 운세 2026
2331,소띠 별자리 운세 2038
2332,처녀자리 별자리 운세 2041
2333,사수자리 별자리 운세 2043
2334,호랑이띠 오늘 운세 2029
2335,원숭이띠 오늘 운세 2037
2336,황소자리 월간 운세 2022
2337,염소자리 주간 운세 2031
2338,토끼띠 월간 운세 2049
2339,물병자리 주간 운세 2023
2340,원숭이띠 별자리 운세 2040
2341,물병자리 월간 운세 2043
2342,게자리 띠 운세 2046
2343,말띠 오늘 운세 2033
2344,게자리 띠 운세 2021
2345,용띠 주간 운세 2049
2346,토끼띠 오늘의 운세 2042
2347,개띠 오늘의 운세 2020
2348,쌍둥이자리 띠 운세 2021
2349,양자리 오늘의 운세 2026
2350,용띠 월간 운세 2044
2351,쌍둥이자리 오늘의 운세 2040
2352,개띠 주간 운세 2049
2353,사자자리 띠 운세 2040
2354,게자리 띠 운세 2043
2355,양띠 오늘 운세 2040
2356,물고기자리 월간 운세 2038
2357,천칭자리 오늘 운세 2040
2358,양띠 주간 운세 2037
2359,닭띠 오늘 운세 2039
2360,전갈자리 오늘의 운세 2030
2361,쌍둥이자리 별자리 운세 2047
2362,개띠 오늘의 운세 2040
2363,토끼띠 주간 운세 2028
2364,양띠 오늘 운세 2038
2365,양띠 오늘 운세 2034
2366,사자자리 월간 운세 2022
2367,용띠 띠 운세 2037
2368,처녀자리 주간 운세 2036
2369,전갈자리 오늘 운세 2049
2370,전갈자리 월간 운세 2039
2371,황소자리 띠 운세 2043
2372,게자리 오늘 운세 2049
2373,말띠 오늘 운세 2040
2374,원숭이띠 오늘의 운세 2047
2375,용띠 주간 운세 2036
2376,처녀자리 오늘의 운세 2047
2377,돼지띠 띠 운세 2036
2378,천칭자리 오늘의 운세 2046
2379,천칭자리 오늘의 운세 2048
2380,원숭이띠 주간 운세 2023
2381,쌍둥이자리 오늘의 운세 2020
2382,처녀자리 별자리 운세 2036
2383,사수자리 별자리 운세 2024
2384,사수자리 오늘의 운세 2032
2385,사자자리 월간 운세 2031
2386,용띠 주간 운세 2033
2387,물고기자리 주간 운세 2040
2388,염소자리 오늘의 운세 2027
2389,쌍둥이자리 주간 운세 2037
2390,쌍둥이자리 오늘의 운세 2028
2391,물고기자리 오늘의 운세 2022
2392,전갈자리 주간 운세 2039
2393,쥐띠 오늘의 운세 2026
2394,쥐띠 주간 운세 2031
2395,뱀띠 오늘 운세 2037
2396,말띠 주간 운세 2024
2397,물고기자리 띠 운세 2022
2398,물병자리 주간 운세 2027
2399,호랑이띠 띠 운세 2032
2400,게자리 별자리 운세 2021
2401,호랑이띠 별자리 운세 2026
2402,호랑이띠 월간 운세 2033
2403,뱀띠 별자리 운세 2037
2404,천칭자리 별자리 운세 2048
2405,전갈자리 월간 운세 2044
2406,염소자리 띠 운세 2035
2407,개띠 띠 운세 2038
2408,양자리 별자리 운세 2025
2409,천칭자리 월간 운세 2020
2410,물병자리 월간 운세 2022
2411,사수자리 월간 운세 2046
2412,소띠 오늘의 운세 2024
2413,용띠 오늘의 운세 2049
2414,개띠 별자리 운세 2023
2415,쌍둥이자리 월간 운세 2038
2416,양띠 주간 운세 2022
2417,처녀자리 주간 운세 2027
2418,물고기자리 주간 운세 2021
2419,게자리 월간 운세 2023
2420,호랑이띠 주간 운세 2021
2421,소띠 띠 운세 2040
2422,양자리 오늘의 운세 2030
2423,용띠 주간 운세 2025
2424,물고기자리 주간 운세 2046
2425,사자자리 오늘의 운세 2041
2426,물병자리 별자리 운세 2040
2427,전갈자리 별자리 운세 2041
2428,사수자리 월간 운세 2029
2429,원숭이띠 별자리 운세 2031
2430,사자자리 띠 운세 2037
2431,양띠 별자리 운세 2045
2432,염소자리 별자리 운세 2042
2433,게자리 별자리 운세 2020
2434,게자리 별자리 운세 2032
2435,닭띠 오늘의 운세 2029
2436,염소자리 별자리 운세 2046
2437,토끼띠 별자리 운세 2049
2438,용띠 주간 운세 2028
2439,개띠 월간 운세 2032
2440,토끼띠 오늘의 운세 2049
2441,황소자리 주간 운세 2028
2442,사수자리 월간 운세 2041
2443,돼지띠 주간 운세 2042
2444,양띠 오늘 운세 2029
2445,호랑이띠 주간 운세 2044
2446,원숭이띠 월간 운세 2040
2447,사수자리 오늘 운세 2031
2448,물고기자리 월간 운세 2031
2449,원숭이띠 띠 운세 2034
2450,사자자리 오늘의 운세 2031
2451,뱀띠 월간 운세 2042
2452,개띠 별자리 운세 2033
2453,게자리 월간 운세 2043
2454,황소자리 주간 운세 2027
2455,뱀띠 별자리 운세 2024
2456,개띠 띠 운세 2027
2457,양띠 월간 운세 2023
2458,말띠 오늘 운세 2042
2459,물병자리 오늘의 운세 2028
2460,용띠 오늘 운세 2022
2461,사자자리 띠 운세 2030
2462,쥐띠 월간 운세 2037
2463,게자리 월간 운세 2038
2464,용띠 오늘 운세 2021
2465,돼지띠 띠 운세 2047
2466,용띠 띠 운세 2022
2467,토끼띠 오늘의 운세 2022
2468,게자리 오늘 운세 2033
2469,황소자리 띠 운세 2038
2470,소띠 주간 운세 2043
2471,소띠 오늘의 운세 2037
2472,쥐띠 월간 운세 2022
2473,물고기자리 오늘 운세 2030
2474,뱀띠 별자리 운세 2040
2475,뱀띠 띠 운세 2049
2476,용띠 오늘의 운세 2042
2477,황소자리 주간 운세 2020
2478,양띠 오늘 운세 2030
2479,양띠 오늘의 운세 2036
2480,황소자리 띠 운세 2023
2481,돼지띠 주간 운세 2030
2482,용띠 띠 운세 2028
2483,용띠 별자리 운세 2038
2484,물고기자리 띠 운세 2049
2485,쌍둥이자리 별자리 운세 2028
2486,용띠 오늘의 운세 2046
2487,사자자리 오늘 운세 2037
2488,처녀자리 주간 운세 2043
2489,쌍둥이자리 주간 운세 2044
2490,게자리 별자리 운세 2042
2491,쥐띠 월간 운세 2024
2492,호랑이띠 별자리 운세 2024
2493,처녀자리 월간 운세 2021
2494,물병자리 월간 운세 2048
2495,닭띠 별자리 운세 2038
2496,황소자리 주간 운세 2046
2497,게자리 주간 운세 2042
2498,돼지띠 주간 운세 2046
2499,천칭자리 오늘 운세 2027
2500,돼지띠 주간 운세 2028
2501,게자리 띠 운세 2029
2502,물고기자리 별자리 운세 2048
2503,개띠 오늘 운세 2031
2504,쌍둥이자리 주간 운세 2029
2505,닭띠 오늘의 운세 2030
2506,쥐띠 띠 운세 2022
2507,토끼띠 띠 운세 2028
2508,토끼띠 주간 운세 2030
2509,쌍둥이자리 별자리 운세 2045
2510,소띠 오늘의 운세 2026
2511,쥐띠 오늘 운세 2026
2512,소띠 주간 운세 2024
2513,호랑이띠 별자리 운세 2029
2514,토끼띠 오늘의 운세 2021
2515,말띠 주간 운세 2020
2516,물고기자리 오늘 운세 2034
2517,양자리 주간 운세 2032
2518,용띠 별자리 운세 2035
2519,돼지띠 오늘 운세 2039
2520,원숭이띠 띠 운세 2045
2521,돼지띠 월간 운세 2040
2522,처녀자리 오늘 운세 2047
2523,물고기자리 주간 운세 2025
2524,게자리 오늘의 운세 2034
2525,용띠 띠 운세 2025
2526,호랑이띠 별자리 운세 2039
2527,황소자리 오늘 운세 2035
2528,염소자리 오늘 운세 2039
2529,토끼띠 오늘 운세 2049
2530,용띠 월간 운세 2020
2531,전갈자리 오늘의 운세 2042
2532,전갈자리 오늘 운세 2041
2533,염소자리 주간 운세 2040
2534,용띠 띠 운세 2035
2535,닭띠 오늘 운세 2028
2536,용띠 주간 운세 2030
2537,사수자리 별자리 운세 2031
2538,말띠 띠 운세 2044
2539,처녀자리 오늘 운세 2048
2540,돼지띠 띠 운세 2039
2541,천칭자리 주간 운세 2026
2542,물고기자리 별자리 운세 2024
2543,뱀띠 오늘 운세 2031
2544,개띠 띠 운세 2030
2545,물병자리 띠 운세 2046
2546,황소자리 오늘의 운세 2030
2547,소띠 오늘 운세 2047
2548,닭띠 오늘의 운세 2032
2549,물병자리 월간 운세 2046
2550,소띠 오늘의 운세 2030
2551,뱀띠 주간 운세 2048
2552,쥐띠 별자리 운세 2023
2553,염소자리 월간 운세 2038
2554,쌍둥이자리 띠 운세 2046
2555,호랑이띠 오늘의 운세 2036
2556,쥐띠 오늘의 운세 2045
2557,원숭이띠 별자리 운세 2046
2558,쌍둥이자리 주간 운세 2041
2559,호랑이띠 띠 운세 2022
2560,황소자리 오늘 운세 2046
2561,개띠 주간 운세 2044
2562,토끼띠 월간 운세 2042
2563,개띠 오늘의 운세 2025
2564,양띠 별자리 운세 2047
2565,원숭이띠 별자리 운세 2024
2566,소띠 오늘 운세 2034
2567,전갈자리 오늘 운세 2047
2568,뱀띠 주간 운세 2033
2569,닭띠 주간 운세 2035
2570,돼지띠 월간 운세 2046
2571,사수자리 오늘의 운세 2028
2572,원숭이띠 오늘 운세 2020
2573,처녀자리 별자리 운세 2044
2574,천칭자리 주간 운세 2025
2575,처녀자리 월간 운세 2030
2576,처녀자리 오늘의 운세 2026
2577,물고기자리 오늘의 운세 2036
2578,돼지띠 오늘 운세 2027
2579,호랑이띠 띠 운세 2042
2580,용띠 오늘 운세 2043
2581,사수자리 띠 운세 2025
2582,게자리 띠 운세 2033
2583,물병자리 별자리 운세 2042
2584,호랑이띠 띠 운세 2024
2585,호랑이띠 주간 운세 2048
2586,토끼띠 오늘 운세 2024
2587,소띠 오늘의 운세 2033
2588,황소자리 월간 운세 2039
2589,원숭이띠 주간 운세 2045
2590,염소자리 오늘 운세 2027
2591,물병자리 띠 운세 2041
2592,양띠 띠 운세 2047
2593,천칭자리 주간 운세 2036
2594,개띠 오늘 운세 2022
2595,용띠 오늘의 운세 2028
2596,원숭이띠 주간 운세 2029
2597,용띠 띠 운세 2030
2598,황소자리 띠 운세 2047
2599,호랑이띠 별자리 운세 2048
2600,호랑이띠 띠 운세 2028
2601,소띠 별자리 운세 2028
2602,사자자리 월간 운세 2025
2603,원숭이띠 월간 운세 2020
2604,토끼띠 오늘의 운세 2037
2605,사자자리 월간 운세 2040
2606,사수자리 오늘 운세 2025
2607,양띠 주간 운세 2034
2608,게자리 오늘의 운세 2046
2609,사자자리 주간 운세 2043
2610,사수자리 별자리 운세 2020
2611,물병자리 오늘 운세 2043
2612,원숭이띠 오늘의 운세 2039
2613,게자리 오늘 운세 2046
2614,처녀자리 주간 운세 2038
2615,개띠 월간 운세 2049
2616,닭띠 오늘 운세 2024
2617,말띠 오늘의 운세 2032
2618,전갈자리 별자리 운세 2036
2619,토끼띠 띠 운세 2039
2620,원숭이띠 월간 운세 2027
2621,물병자리 오늘 운세 2039
2622,양자리 오늘 운세 2026
2623,사자자리 별자리 운세 2036
2624,물고기자리 띠 운세 2038
2625,게자리 띠 운세 2041
2626,호랑이띠 주간 운세 2031
2627,사수자리 띠 운세 2046
2628,쌍둥이자리 주간 운세 2030
2629,돼지띠 띠 운세 2046
2630,개띠 오늘의 운세 2024
2631,게자리 띠 운세 2038
2632,전갈자리 주간 운세 2045
2633,돼지띠 띠 운세 2029
2634,처녀자리 오늘의 운세 2031
2635,말띠 월간 운세 2047
2636,전갈자리 오늘 운세 2025
2637,염소자리 월간 운세 2029
2638,양자리 오늘 운세 2047
2639,염소자리 별자리 운세 2022
2640,뱀띠 띠 운세 2027
2641,양자리 월간 운세 2033
2642,천칭자리 오늘의 운세 2030
2643,호랑이띠 별자리 운세 2030
2644,사수자리 별자리 운세 2045
2645,용띠 주간 운세 2029
2646,뱀띠 별자리 운세 2022
2647,소띠 띠 운세 2026
2648,물병자리 띠 운세 2021
2649,소띠 월간 운세 2021
2650,돼지띠 오늘의 운세 2031
2651,물고기자리 오늘의 운세 2035
2652,처녀자리 주간 운세 2037
2653,토끼띠 오늘의 운세 2031
2654,양띠 오늘 운세 2048
2655,물고기자리 월간 운세 2021
2656,물병자리 띠 운세 2035
2657,원숭이띠 주간 운세 2022
2658,전갈자리 띠 운세 2029
2659,개띠 월간 운세 2040
2660,전갈자리 오늘 운세 2040
2661,양자리 월간 운세 2043
2662,처녀자리 월간 운세 2027
2663,돼지띠 오늘의 운세 2039
2664,개띠 띠 운세 2029
2665,처녀자리 오늘 운세 2026
2666,용띠 별자리 운세 2028
2667,양자리 오늘의 운세 2025
2668,쌍둥이자리 오늘의 운세 2046
2669,원숭이띠 별자리 운세 2049
2670,전갈자리 별자리 운세 2027
2671,쥐띠 오늘 운세 2040
2672,토끼띠 월간 운세 2034
2673,소띠 오늘의 운세 2041
2674,돼지띠 월간 운세 2026
2675,호랑이띠 월간 운세 2035
2676,쥐띠 주간 운세 2039
2677,게자리 띠 운세 2026
2678,토끼띠 오늘 운세 2031
2679,양자리 오늘 운세 2039
2680,소띠 월간 운세 2045
2681,돼지띠 주간 운세 2043
2682,쥐띠 월간 운세 2043
2683,소띠 별자리 운세 2044
2684,원숭이띠 오늘 운세 2026
2685,양띠 띠 운세 2030
2686,양자리 오늘의 운세 2031
2687,쌍둥이자리 띠 운세 2020
2688,쥐띠 별자리 운세 2045
2689,천칭자리 띠 운세 2036
2690,염소자리 별자리 운세 2023
2691,호랑이띠 오늘의 운세 2035
2692,물병자리 오늘의 운세 2035
2693,쌍둥이자리 월간 운세 2037
2694,사자자리 오늘 운세 2032
2695,사자자리 월간 운세 2030
2696,황소자리 월간 운세 2048
2697,말띠 오늘 운세 2023
2698,용띠 주간 운세 2038
2699,처녀자리 월간 운세 2020
2700,전갈자리 띠 운세 2037
2701,닭띠 월간 운세 2022
2702,게자리 오늘 운세 2035
2703,호랑이띠 월간 운세 2042
2704,원숭이띠 오늘의 운세 2024
2705,용띠 월간 운세 2025
2706,토끼띠 주간 운세 2044
2707,쌍둥이자리 별자리 운세 2044
2708,용띠 주간 운세 2022
2709,물고기자리 별자리 운세 2020
2710,닭띠 주간 운세 2028
2711,처녀자리 주간 운세 2023
2712,물병자리 월간 운세 2020
2713,닭띠 월간 운세 2044
2714,게자리 오늘 운세 2039
2715,사자자리 별자리 운세 2031
2716,말띠 월간 운세 2023
2717,쥐띠 오늘 운세 2025
2718,호랑이띠 오늘의 운세 2025
2719,사자자리 월간 운세 2047
2720,물병자리 주간 운세 2025
2721,닭띠 별자리 운세 2040
2722,사자자리 월간 운세 2038
2723,물고기자리 오늘의 운세 2032
2724,천칭자리 띠 운세 2029
2725,말띠 오늘의 운세 2027
2726,뱀띠 띠 운세 2022
2727,말띠 월간 운세 2048
2728,돼지띠 오늘 운세 2042
2729,말띠 월간 운세 2026
2730,개띠 오늘 운세 2034
2731,사수자리 띠 운세 2039
2732,돼지띠 별자리 운세 2031
2733,전갈자리 별자리 운세 2029
2734,처녀자리 오늘 운세 2032
2735,개띠 오늘 운세 2046
2736,돼지띠 오늘의 운세 2034
2737,용띠 오늘 운세 2024
2738,뱀띠 주간 운세 2047
2739,쥐띠 월간 운세 2033
2740,용띠 오늘 운세 2027
2741,황소자리 주간 운세 2036
2742,물고기자리 오늘의 운세 2042
2743,물병자리 주간 운세 2029
2744,쥐띠 별자리 운세 2036
2745,닭띠 주간 운세 2048
2746,말띠 별자리 운세 2024
2747,전갈자리 띠 운세 2025
2748,쌍둥이자리 주간 운세 2025
2749,양띠 월간 운세 2028
2750,원숭이띠 월간 운세 2049
2751,닭띠 오늘의 운세 2048
2752,닭띠 별자리 운세 2020
2753,돼지띠 월간 운세 2045
2754,사수자리 월간 운세 2027
2755,염소자리 오늘의 운세 2043
2756,뱀띠 띠 운세 2033
2757,용띠 띠 운세 2040
2758,돼지띠 오늘 운세 2029
2759,처녀자리 월간 운세 2022
2760,쌍둥이자리 주간 운세 2047
2761,처녀자리 별자리 운세 2027
2762,토끼띠 오늘의 운세 2038
2763,사수자리 주간 운세 2034
2764,전갈자리 별자리 운세 2025
2765,쥐띠 별자리 운세 2035
2766,쥐띠 띠 운세 2042
2767,사수자리 오늘 운세 2046
2768,개띠 주간 운세 2031
2769,물고기자리 오늘의 운세 2038
2770,닭띠 띠 운세 2042
2771,돼지띠 오늘의 운세 2020
2772,양띠 띠 운세 2025
2773,게자리 띠 운세 2044
2774,쌍둥이자리 월간 운세 2043
2775,게자리 띠 운세 2040
2776,전갈자리 오늘의 운세 2025
2777,원숭이띠 월간 운세 2042
2778,개띠 오늘의 운세 2049
2779,황소자리 주간 운세 2040
2780,사자자리 오늘의 운세 2042
2781,천칭자리 월간 운세 2023
2782,쌍둥이자리 띠 운세 2044
2783,쥐띠 별자리 운세 2048
2784,뱀띠 오늘 운세 2027
2785,호랑이띠 오늘의 운세 2032
2786,닭띠 띠 운세 2047
2787,쥐띠 별자리 운세 2038
2788,염소자리 주간 운세 2029
2789,돼지띠 띠 운세 2045
2790,뱀띠 별자리 운세 2023
2791,물병자리 별자리 운세 2041
2792,쥐띠 별자리 운세 2024
2793,말띠 별자리 운세 2021
2794,토끼띠 오늘 운세 2039
2795,원숭이띠 월간 운세 2022
2796,게자리 띠 운세 2042
2797,돼지띠 오늘의 운세 2047
2798,돼지띠 오늘의 운세 2025
2799,원숭이띠 주간 운세 2044
2800,개띠 띠 운세 2024
2801,호랑이띠 띠 운세 2046
2802,물병자리 오늘의 운세 2038
2803,물병자리 주간 운세 2026
2804,쥐띠 띠 운세 2020
2805,토끼띠 띠 운세 2025
2806,말띠 별자리 운세 2020
2807,돼지띠 주간 운세 2041
2808,염소자리 오늘의 운세 2029
2809,사수자리 띠 운세 2021
2810,전갈자리 별자리 운세 2031
2811,쥐띠 띠 운세 2036
2812,뱀띠 오늘 운세 2024
2813,사자자리 띠 운세 2035
2814,물고기자리 띠 운세 2036
2815,처녀자리 오늘 운세 2023
2816,말띠 오늘의 운세 2022
2817,뱀띠 월간 운세 2023
2818,양자리 오늘 운세 2031
2819,게자리 별자리 운세 2043
2820,사자자리 띠 운세 2042
2821,호랑이띠 주간 운세 2040
2822,양띠 오늘 운세 2039
2823,천칭자리 월간 운세 2027
2824,용띠 오늘 운세 2025
2825,전갈자리 주간 운세 2049
2826,게자리 띠 운세 2028
2827,물병자리 주간 운세 2045
2828,염소자리 오늘 운세 2044
2829,물고기자리 오늘 운세 2026
2830,물병자리 오늘 운세 2027
2831,돼지띠 별자리 운세 2047
2832,쥐띠 오늘의 운세 2046
2833,개띠 오늘의 운세 2030
2834,물병자리 오늘 운세 2021
2835,천칭자리 별자리 운세 2025
2836,소띠 월간 운세 2023
2837,사자자리 월간 운세 2036
2838,쥐띠 오늘의 운세 2038
2839,돼지띠 오늘 운세 2046
2840,염소자리 띠 운세 2041
2841,소띠 별자리 운세 2025
2842,돼지띠 월간 운세 2033
2843,염소자리 오늘의 운세 2032
2844,처녀자리 월간 운세 2028
2845,물병자리 주간 운세 2022
2846,토끼띠 주간 운세 2043
2847,쥐띠 오늘의 운세 2040
2848,돼지띠 월간 운세 2030
2849,물고기자리 월간 운세 2022
2850,물병자리 띠 운세 2029
2851,황소자리 오늘의 운세 2036
2852,닭띠 띠 운세 2043
2853,천칭자리 월간 운세 2044
2854,쥐띠 오늘의 운세 2036
2855,물고기자리 월간 운세 2027
2856,처녀자리 오늘의 운세 2027
2857,처녀자리 오늘의 운세 2042
2858,천칭자리 별자리 운세 2046
2859,게자리 주간 운세 2047
2860,돼지띠 오늘의 운세 2046
2861,양자리 오늘 운세 2023
2862,염소자리 오늘 운세 2041
2863,호랑이띠 오늘의 운세 2040
2864,게자리 오늘 운세 2042
2865,양띠 주간 운세 2047
2866,천칭자리 오늘의 운세 2037
2867,양띠 별자리 운세 2042
2868,물병자리 주간 운세 2046
2869,돼지띠 별자리 운세 2029
2870,돼지띠 오늘 운세 2025
2871,사자자리 주간 운세 2044
2872,사수자리 별자리 운세 2026
2873,처녀자리 주간 운세 2042
2874,원숭이띠 주간 운세 2037
2875,사수자리 오늘 운세 2024
2876,전갈자리 월간 운세 2027
2877,호랑이띠 월간 운세 2041
2878,호랑이띠 띠 운세 2041
2879,호랑이띠 월간 운세 2045
2880,닭띠 월간 운세 2049
2881,황소자리 오늘 운세 2026
2882,뱀띠 월간 운세 2031
2883,처녀자리 별자리 운세 2031
2884,사수자리 별자리 운세 2036
2885,양띠 별자리 운세 2033
2886,전갈자리 월간 운세 2032
2887,양띠 별자리 운세 2021
2888,게자리 오늘 운세 2041
2889,소띠 월간 운세 2026
2890,토끼띠 오늘의 운세 2029
2891,호랑이띠 별자리 운세 2031
2892,토끼띠 별자리 운세 2028
2893,뱀띠 오늘 운세 2035
2894,황소자리 별자리 운세 2025
2895,염소자리 월간 운세 2023
2896,말띠 월간 운세 2034
2897,처녀자리 오늘 운세 2024
2898,처녀자리 월간 운세 2048
2899,사수자리 오늘 운세 2042
2900,천칭자리 오늘 운세 2028
2901,물병자리 월간 운세 2025
2902,개띠 월간 운세 2048
2903,뱀띠 오늘의 운세 2029
2904,쥐띠 띠 운세 2027
2905,원숭이띠 띠 운세 2033
2906,닭띠 월간 운세 2046
2907,토끼띠 띠 운세 2034
2908,사자자리 주간 운세 2027
2909,사수자리 월간 운세 2032
2910,용띠 별자리 운세 2043
2911,토끼띠 월간 운세 2039
2912,돼지띠 별자리 운세 2028
2913,전갈자리 오늘의 운세 2023
2914,물고기자리 별자리 운세 2038
2915,용띠 월간 운세 2021
2916,소띠 별자리 운세 2024
2917,황소자리 띠 운세 2034
2918,돼지띠 오늘 운세 2026
2919,말띠 주간 운세 2028
2920,개띠 월간 운세 2027
2921,뱀띠 별자리 운세 2046
2922,전갈자리 별자리 운세 2042
2923,전갈자리 띠 운세 2048
2924,양띠 오늘의 운세 2028
2925,게자리 주간 운세 2041
2926,소띠 주간 운세 2026
2927,천칭자리 주간 운세 2022
2928,호랑이띠 월간 운세 2020
2929,사수자리 월간 운세 2033
2930,물고기자리 띠 운세 2026
2931,처녀자리 월간 운세 2035
2932,호랑이띠 주간 운세 2026
2933,전갈자리 오늘 운세 2045
2934,천칭자리 주간 운세 2037
2935,용띠 별자리 운세 2031
2936,황소자리 별자리 운세 2023
2937,물고기자리 띠 운세 2037
2938,돼지띠 주간 운세 2047
2939,개띠 주간 운세 2042
2940,호랑이띠 주간 운세 2024
2941,사수자리 오늘의 운세 2043
2942,토끼띠 오늘의 운세 2039
2943,개띠 오늘 운세 2023
2944,쌍둥이자리 월간 운세 2029
2945,용띠 오늘의 운세 2045
2946,사수자리 오늘의 운세 2048
2947,토끼띠 별자리 운세 2042
2948,개띠 월간 운세 2044
2949,소띠 주간 운세 2032
2950,용띠 주간 운세 2023
2951,개띠 띠 운세 2021
2952,게자리 월간 운세 2048
2953,천칭자리 오늘 운세 2021
2954,양자리 오늘 운세 2044
2955,토끼띠 월간 운세 2026
2956,개띠 오늘의 운세 2026
2957,쌍둥이자리 별자리 운세 2030
2958,소띠 오늘의 운세 2029
2959,양띠 띠 운세 2032
2960,용띠 별자리 운세 2047
2961,사자자리 주간 운세 2048
2962,원숭이띠 월간 운세 2048
2963,전갈자리 오늘의 운세 2034
2964,천칭자리 오늘 운세 2044
2965,염소자리 별자리 운세 2038
2966,토끼띠 월간 운세 2030
2967,황소자리 오늘 운세 2032
2968,게자리 오늘 운세 2020
2969,사자자리 오늘 운세 2027
2970,사자자리 오늘의 운세 2032
2971,천칭자리 오늘 운세 2020
2972,염소자리 별자리 운세 2030
2973,전갈자리 주간 운세 2032
2974,개띠 월간 운세 2046
2975,천칭자리 별자리 운세 2037
2976,염소자리 별자리 운세 2033
2977,쥐띠 별자리 운세 2025
2978,토끼띠 띠 운세 2044
2979,물병자리 오늘의 운세 2036
2980,닭띠 주간 운세 2033
2981,전갈자리 오늘 운세 2043
2982,닭띠 띠 운세 2027
2983,양자리 오늘 운세 2040
2984,닭띠 월간 운세 2048
2985,천칭자리 월간 운세 2030
2986,천칭자리 주간 운세 2039
2987,천칭자리 월간 운세 2041
2988,처녀자리 띠 운세 2029
2989,뱀띠 오늘의 운세 2045
2990,황소자리 월간 운세 2035
2991,사수자리 주간 운세 2030
2992,소띠 오늘 운세 2020
2993,말띠 띠 운세 2027
2994,토끼띠 띠 운세 2037
2995,양자리 주간 운세 2034
2996,양띠 주간 운세 2030
2997,양띠 오늘의 운세 2026
2998,양띠 주간 운세 2038
2999,황소자리 주간 운세 2048
3000,쌍둥이자리 월간 운세 2026
