id,pattern
1,오늘의 운세: {대상}에게 전해지는 작은 희망의 메시지
2,{대상} 오늘의 운세 – 마음을 가볍게 하는 조언
3,{대상} 오늘 운세 총정리: 행운의 색과 숫자
4,{대상} 운세: 오늘 당신에게 필요한 한 가지 조언
5,{대상} 운세 오늘: 인간관계와 기회의 흐름
6,{대상} 오늘의 운세 분석 – 조용히 찾아오는 기회
7,{대상} 오늘 운세 해석: 감정과 선택의 방향
8,{대상} 오늘의 운세 가이드 – 행운의 힌트
9,{대상} 오늘의 운세 메시지: 스스로를 믿어도 좋은 날
10,{대상} 운세 오늘 총정리: 조심할 점과 좋은 기회
11,{대상} 오늘 운세 리포트
12,{대상} 오늘의 운세 – 하루의 흐름
13,{대상} 오늘의 운세 – 행운 포인트
14,{대상} 오늘 운세 – 작은 변화의 신호
15,{대상} 오늘의 운세 – 희망 메시지
16,{대상} 오늘 운세 – 인간관계 흐름
17,{대상} 오늘 운세 – 기회와 조언
18,{대상} 오늘의 운세 – 감정 에너지
19,{대상} 오늘 운세 – 하루 가이드
20,{대상} 오늘 운세 – 긍정적인 신호
21,{대상} 오늘 운세 – 마음의 균형
22,{대상} 오늘 운세 – 작은 행운
23,{대상} 오늘 운세 – 새로운 기회
24,{대상} 오늘 운세 – 관계 조언
25,{대상} 오늘 운세 – 일상의 변화
26,{대상} 오늘 운세 – 집중 포인트
27,{대상} 오늘 운세 – 조용한 행운
28,{대상} 오늘 운세 – 하루 메시지
29,{대상} 오늘 운세 – 희망의 흐름
30,{대상} 오늘 운세 – 긍정 에너지
