id,sentence,advice
1,이번 주는 새로운 만남이 기다리고 있습니다. 첫인상에 신경 써보세요.,이번 주 행운의 요일은 일요일입니다. 키워드는 '인내'과 '소통'를 기억하세요.
2,이번 주는 리더십을 발휘할 기회가 찾아올 수 있습니다. 자신감 있게 앞장서 보세요.,이번 주 행운의 요일은 수요일입니다. 키워드는 '인내'과 '도전'를 기억하세요.
3,이번 주는 직장이나 사업에서 좋은 평가를 받을 수 있는 흐름입니다. 최선을 다해보세요.,이번 주 행운의 요일은 화요일입니다. 키워드는 '기회'과 '기회'를 기억하세요.
4,이번 주는 새로운 시작을 알리는 에너지가 강합니다. 월요일부터 적극적으로 움직이면 좋은 결과가 따라옵니다.,이번 주 행운의 요일은 목요일입니다. 키워드는 '감사'과 '감사'를 기억하세요.
5,이번 주는 리더십을 발휘할 기회가 찾아올 수 있습니다. 자신감 있게 앞장서 보세요.,이번 주 행운의 요일은 화요일입니다. 키워드는 '감사'과 '기회'를 기억하세요.
6,이번 주는 가족과의 시간이 큰 위안이 될 것입니다. 소중한 사람들과 함께하세요.,이번 주 행운의 요일은 토요일입니다. 키워드는 '기회'과 '기회'를 기억하세요.
7,이번 주는 직장이나 사업에서 좋은 평가를 받을 수 있는 흐름입니다. 최선을 다해보세요.,이번 주 행운의 요일은 금요일입니다. 키워드는 '소통'과 '변화'를 기억하세요.
8,이번 주는 감정적으로 안정된 흐름입니다. 오래된 갈등이 자연스럽게 해소될 수 있습니다.,이번 주 행운의 요일은 일요일입니다. 키워드는 '기회'과 '인내'를 기억하세요.
9,이번 주는 새로운 시작을 알리는 에너지가 강합니다. 월요일부터 적극적으로 움직이면 좋은 결과가 따라옵니다.,이번 주 행운의 요일은 화요일입니다. 키워드는 '도전'과 '집중'를 기억하세요.
10,이번 주는 새로운 만남이 기다리고 있습니다. 첫인상에 신경 써보세요.,이번 주 행운의 요일은 월요일입니다. 키워드는 '집중'과 '집중'를 기억하세요.
11,이번 주는 직장이나 사업에서 좋은 평가를 받을 수 있는 흐름입니다. 최선을 다해보세요.,이번 주 행운의 요일은 목요일입니다. 키워드는 '도전'과 '집중'를 기억하세요.
12,이번 주 중반부터 좋은 기운이 흘러들어옵니다. 수요일 이후 중요한 결정은 신중하게 하세요.,이번 주 행운의 요일은 수요일입니다. 키워드는 '배움'과 '기회'를 기억하세요.
13,이번 주는 리더십을 발휘할 기회가 찾아올 수 있습니다. 자신감 있게 앞장서 보세요.,이번 주 행운의 요일은 화요일입니다. 키워드는 '집중'과 '감사'를 기억하세요.
14,이번 주는 예상치 못한 좋은 소식이 들려올 수 있습니다. 열린 마음으로 기회를 맞이하세요.,이번 주 행운의 요일은 목요일입니다. 키워드는 '감사'과 '기회'를 기억하세요.
15,이번 주는 인간관계에서 뜻밖의 도움을 받을 수 있습니다. 주변 사람들과의 소통을 늘려보세요.,이번 주 행운의 요일은 월요일입니다. 키워드는 '기회'과 '변화'를 기억하세요.
16,이번 주는 주변 환경의 변화가 긍정적인 영향을 줄 수 있습니다. 변화를 두려워하지 마세요.,이번 주 행운의 요일은 일요일입니다. 키워드는 '휴식'과 '도전'를 기억하세요.
17,이번 주는 예상치 못한 좋은 소식이 들려올 수 있습니다. 열린 마음으로 기회를 맞이하세요.,이번 주 행운의 요일은 월요일입니다. 키워드는 '집중'과 '집중'를 기억하세요.
18,이번 주는 계획했던 일들이 순조롭게 진행될 흐름입니다. 꾸준함이 핵심입니다.,이번 주 행운의 요일은 수요일입니다. 키워드는 '집중'과 '소통'를 기억하세요.
19,이번 주는 감정적으로 안정된 흐름입니다. 오래된 갈등이 자연스럽게 해소될 수 있습니다.,이번 주 행운의 요일은 토요일입니다. 키워드는 '기회'과 '인내'를 기억하세요.
20,이번 주는 예상치 못한 좋은 소식이 들려올 수 있습니다. 열린 마음으로 기회를 맞이하세요.,이번 주 행운의 요일은 금요일입니다. 키워드는 '성장'과 '소통'를 기억하세요.
21,이번 주는 새로운 만남이 기다리고 있습니다. 첫인상에 신경 써보세요.,이번 주 행운의 요일은 화요일입니다. 키워드는 '변화'과 '기회'를 기억하세요.
22,이번 주는 가족과의 시간이 큰 위안이 될 것입니다. 소중한 사람들과 함께하세요.,이번 주 행운의 요일은 목요일입니다. 키워드는 '변화'과 '집중'를 기억하세요.
23,이번 주는 직장이나 사업에서 좋은 평가를 받을 수 있는 흐름입니다. 최선을 다해보세요.,이번 주 행운의 요일은 토요일입니다. 키워드는 '휴식'과 '집중'를 기억하세요.
24,이번 주는 새로운 만남이 기다리고 있습니다. 첫인상에 신경 써보세요.,이번 주 행운의 요일은 목요일입니다. 키워드는 '인내'과 '감사'를 기억하세요.
25,이번 주는 감정적으로 안정된 흐름입니다. 오래된 갈등이 자연스럽게 해소될 수 있습니다.,이번 주 행운의 요일은 월요일입니다. 키워드는 '인내'과 '인내'를 기억하세요.
26,이번 주는 주변 환경의 변화가 긍정적인 영향을 줄 수 있습니다. 변화를 두려워하지 마세요.,이번 주 행운의 요일은 일요일입니다. 키워드는 '변화'과 '감사'를 기억하세요.
27,이번 주 중반부터 좋은 기운이 흘러들어옵니다. 수요일 이후 중요한 결정은 신중하게 하세요.,이번 주 행운의 요일은 목요일입니다. 키워드는 '감사'과 '성장'를 기억하세요.
28,이번 주는 계획했던 일들이 순조롭게 진행될 흐름입니다. 꾸준함이 핵심입니다.,이번 주 행운의 요일은 목요일입니다. 키워드는 '인내'과 '배움'를 기억하세요.
29,이번 주는 감정적으로 안정된 흐름입니다. 오래된 갈등이 자연스럽게 해소될 수 있습니다.,이번 주 행운의 요일은 토요일입니다. 키워드는 '휴식'과 '소통'를 기억하세요.
30,이번 주는 계획했던 일들이 순조롭게 진행될 흐름입니다. 꾸준함이 핵심입니다.,이번 주 행운의 요일은 화요일입니다. 키워드는 '배움'과 '성장'를 기억하세요.
31,이번 주는 주변 환경의 변화가 긍정적인 영향을 줄 수 있습니다. 변화를 두려워하지 마세요.,이번 주 행운의 요일은 수요일입니다. 키워드는 '휴식'과 '성장'를 기억하세요.
32,이번 주는 건강 관리에 신경 써야 할 시기입니다. 충분한 휴식이 다음 주 도약의 발판이 됩니다.,이번 주 행운의 요일은 일요일입니다. 키워드는 '성장'과 '변화'를 기억하세요.
33,이번 주는 인간관계에서 뜻밖의 도움을 받을 수 있습니다. 주변 사람들과의 소통을 늘려보세요.,이번 주 행운의 요일은 목요일입니다. 키워드는 '집중'과 '도전'를 기억하세요.
34,이번 주는 새로운 시작을 알리는 에너지가 강합니다. 월요일부터 적극적으로 움직이면 좋은 결과가 따라옵니다.,이번 주 행운의 요일은 수요일입니다. 키워드는 '기회'과 '배움'를 기억하세요.
35,이번 주는 새로운 만남이 기다리고 있습니다. 첫인상에 신경 써보세요.,이번 주 행운의 요일은 화요일입니다. 키워드는 '변화'과 '집중'를 기억하세요.
36,이번 주는 창의적인 아이디어가 넘치는 한 주가 될 것입니다. 메모하는 습관을 들여보세요.,이번 주 행운의 요일은 목요일입니다. 키워드는 '인내'과 '집중'를 기억하세요.
37,이번 주는 재물운이 상승하는 흐름입니다. 작은 투자나 저축을 시작하기 좋은 시기입니다.,이번 주 행운의 요일은 화요일입니다. 키워드는 '감사'과 '감사'를 기억하세요.
38,이번 주는 주변 환경의 변화가 긍정적인 영향을 줄 수 있습니다. 변화를 두려워하지 마세요.,이번 주 행운의 요일은 토요일입니다. 키워드는 '기회'과 '기회'를 기억하세요.
39,이번 주는 감정적으로 안정된 흐름입니다. 오래된 갈등이 자연스럽게 해소될 수 있습니다.,이번 주 행운의 요일은 일요일입니다. 키워드는 '집중'과 '인내'를 기억하세요.
40,이번 주 중반부터 좋은 기운이 흘러들어옵니다. 수요일 이후 중요한 결정은 신중하게 하세요.,이번 주 행운의 요일은 월요일입니다. 키워드는 '성장'과 '소통'를 기억하세요.
41,이번 주는 재물운이 상승하는 흐름입니다. 작은 투자나 저축을 시작하기 좋은 시기입니다.,이번 주 행운의 요일은 일요일입니다. 키워드는 '소통'과 '집중'를 기억하세요.
42,이번 주는 새로운 시작을 알리는 에너지가 강합니다. 월요일부터 적극적으로 움직이면 좋은 결과가 따라옵니다.,이번 주 행운의 요일은 금요일입니다. 키워드는 '감사'과 '배움'를 기억하세요.
43,이번 주는 가족과의 시간이 큰 위안이 될 것입니다. 소중한 사람들과 함께하세요.,이번 주 행운의 요일은 금요일입니다. 키워드는 '변화'과 '변화'를 기억하세요.
44,이번 주는 직장이나 사업에서 좋은 평가를 받을 수 있는 흐름입니다. 최선을 다해보세요.,이번 주 행운의 요일은 목요일입니다. 키워드는 '성장'과 '기회'를 기억하세요.
45,이번 주는 예상치 못한 좋은 소식이 들려올 수 있습니다. 열린 마음으로 기회를 맞이하세요.,이번 주 행운의 요일은 화요일입니다. 키워드는 '소통'과 '감사'를 기억하세요.
46,이번 주 중반부터 좋은 기운이 흘러들어옵니다. 수요일 이후 중요한 결정은 신중하게 하세요.,이번 주 행운의 요일은 수요일입니다. 키워드는 '집중'과 '감사'를 기억하세요.
47,이번 주는 직장이나 사업에서 좋은 평가를 받을 수 있는 흐름입니다. 최선을 다해보세요.,이번 주 행운의 요일은 목요일입니다. 키워드는 '도전'과 '소통'를 기억하세요.
48,이번 주는 재물운이 상승하는 흐름입니다. 작은 투자나 저축을 시작하기 좋은 시기입니다.,이번 주 행운의 요일은 일요일입니다. 키워드는 '소통'과 '감사'를 기억하세요.
49,이번 주는 직장이나 사업에서 좋은 평가를 받을 수 있는 흐름입니다. 최선을 다해보세요.,이번 주 행운의 요일은 일요일입니다. 키워드는 '감사'과 '도전'를 기억하세요.
50,이번 주는 리더십을 발휘할 기회가 찾아올 수 있습니다. 자신감 있게 앞장서 보세요.,이번 주 행운의 요일은 목요일입니다. 키워드는 '배움'과 '배움'를 기억하세요.
51,이번 주는 재물운이 상승하는 흐름입니다. 작은 투자나 저축을 시작하기 좋은 시기입니다.,이번 주 행운의 요일은 목요일입니다. 키워드는 '도전'과 '집중'를 기억하세요.
52,이번 주는 학업이나 자기계발에 집중하기 좋은 에너지입니다. 배움에 투자하세요.,이번 주 행운의 요일은 토요일입니다. 키워드는 '도전'과 '소통'를 기억하세요.
53,이번 주는 재물운이 상승하는 흐름입니다. 작은 투자나 저축을 시작하기 좋은 시기입니다.,이번 주 행운의 요일은 금요일입니다. 키워드는 '성장'과 '소통'를 기억하세요.
54,이번 주 중반부터 좋은 기운이 흘러들어옵니다. 수요일 이후 중요한 결정은 신중하게 하세요.,이번 주 행운의 요일은 수요일입니다. 키워드는 '성장'과 '배움'를 기억하세요.
55,이번 주는 계획했던 일들이 순조롭게 진행될 흐름입니다. 꾸준함이 핵심입니다.,이번 주 행운의 요일은 수요일입니다. 키워드는 '소통'과 '소통'를 기억하세요.
56,이번 주는 주변 환경의 변화가 긍정적인 영향을 줄 수 있습니다. 변화를 두려워하지 마세요.,이번 주 행운의 요일은 목요일입니다. 키워드는 '도전'과 '감사'를 기억하세요.
57,이번 주 중반부터 좋은 기운이 흘러들어옵니다. 수요일 이후 중요한 결정은 신중하게 하세요.,이번 주 행운의 요일은 목요일입니다. 키워드는 '기회'과 '성장'를 기억하세요.
58,이번 주는 창의적인 아이디어가 넘치는 한 주가 될 것입니다. 메모하는 습관을 들여보세요.,이번 주 행운의 요일은 월요일입니다. 키워드는 '소통'과 '인내'를 기억하세요.
59,이번 주는 리더십을 발휘할 기회가 찾아올 수 있습니다. 자신감 있게 앞장서 보세요.,이번 주 행운의 요일은 일요일입니다. 키워드는 '휴식'과 '변화'를 기억하세요.
60,이번 주는 새로운 만남이 기다리고 있습니다. 첫인상에 신경 써보세요.,이번 주 행운의 요일은 수요일입니다. 키워드는 '인내'과 '배움'를 기억하세요.
61,이번 주는 창의적인 아이디어가 넘치는 한 주가 될 것입니다. 메모하는 습관을 들여보세요.,이번 주 행운의 요일은 토요일입니다. 키워드는 '기회'과 '인내'를 기억하세요.
62,이번 주는 재물운이 상승하는 흐름입니다. 작은 투자나 저축을 시작하기 좋은 시기입니다.,이번 주 행운의 요일은 월요일입니다. 키워드는 '인내'과 '휴식'를 기억하세요.
63,이번 주 중반부터 좋은 기운이 흘러들어옵니다. 수요일 이후 중요한 결정은 신중하게 하세요.,이번 주 행운의 요일은 토요일입니다. 키워드는 '배움'과 '도전'를 기억하세요.
64,이번 주는 건강 관리에 신경 써야 할 시기입니다. 충분한 휴식이 다음 주 도약의 발판이 됩니다.,이번 주 행운의 요일은 토요일입니다. 키워드는 '변화'과 '인내'를 기억하세요.
65,이번 주는 새로운 만남이 기다리고 있습니다. 첫인상에 신경 써보세요.,이번 주 행운의 요일은 수요일입니다. 키워드는 '인내'과 '성장'를 기억하세요.
66,이번 주는 직장이나 사업에서 좋은 평가를 받을 수 있는 흐름입니다. 최선을 다해보세요.,이번 주 행운의 요일은 수요일입니다. 키워드는 '성장'과 '소통'를 기억하세요.
67,이번 주는 리더십을 발휘할 기회가 찾아올 수 있습니다. 자신감 있게 앞장서 보세요.,이번 주 행운의 요일은 화요일입니다. 키워드는 '성장'과 '집중'를 기억하세요.
68,이번 주는 재물운이 상승하는 흐름입니다. 작은 투자나 저축을 시작하기 좋은 시기입니다.,이번 주 행운의 요일은 일요일입니다. 키워드는 '감사'과 '소통'를 기억하세요.
69,이번 주는 감정적으로 안정된 흐름입니다. 오래된 갈등이 자연스럽게 해소될 수 있습니다.,이번 주 행운의 요일은 토요일입니다. 키워드는 '배움'과 '성장'를 기억하세요.
70,이번 주는 창의적인 아이디어가 넘치는 한 주가 될 것입니다. 메모하는 습관을 들여보세요.,이번 주 행운의 요일은 금요일입니다. 키워드는 '성장'과 '인내'를 기억하세요.
71,이번 주는 재물운이 상승하는 흐름입니다. 작은 투자나 저축을 시작하기 좋은 시기입니다.,이번 주 행운의 요일은 수요일입니다. 키워드는 '기회'과 '성장'를 기억하세요.
72,이번 주는 주변 환경의 변화가 긍정적인 영향을 줄 수 있습니다. 변화를 두려워하지 마세요.,이번 주 행운의 요일은 토요일입니다. 키워드는 '기회'과 '휴식'를 기억하세요.
73,이번 주는 가족과의 시간이 큰 위안이 될 것입니다. 소중한 사람들과 함께하세요.,이번 주 행운의 요일은 일요일입니다. 키워드는 '변화'과 '변화'를 기억하세요.
74,이번 주는 직장이나 사업에서 좋은 평가를 받을 수 있는 흐름입니다. 최선을 다해보세요.,이번 주 행운의 요일은 토요일입니다. 키워드는 '소통'과 '기회'를 기억하세요.
75,이번 주는 학업이나 자기계발에 집중하기 좋은 에너지입니다. 배움에 투자하세요.,이번 주 행운의 요일은 금요일입니다. 키워드는 '성장'과 '소통'를 기억하세요.
76,이번 주는 새로운 만남이 기다리고 있습니다. 첫인상에 신경 써보세요.,이번 주 행운의 요일은 목요일입니다. 키워드는 '인내'과 '인내'를 기억하세요.
77,이번 주는 주변 환경의 변화가 긍정적인 영향을 줄 수 있습니다. 변화를 두려워하지 마세요.,이번 주 행운의 요일은 화요일입니다. 키워드는 '집중'과 '집중'를 기억하세요.
78,이번 주는 리더십을 발휘할 기회가 찾아올 수 있습니다. 자신감 있게 앞장서 보세요.,이번 주 행운의 요일은 화요일입니다. 키워드는 '휴식'과 '집중'를 기억하세요.
79,이번 주는 창의적인 아이디어가 넘치는 한 주가 될 것입니다. 메모하는 습관을 들여보세요.,이번 주 행운의 요일은 목요일입니다. 키워드는 '감사'과 '감사'를 기억하세요.
80,이번 주는 학업이나 자기계발에 집중하기 좋은 에너지입니다. 배움에 투자하세요.,이번 주 행운의 요일은 목요일입니다. 키워드는 '감사'과 '변화'를 기억하세요.
81,이번 주는 가족과의 시간이 큰 위안이 될 것입니다. 소중한 사람들과 함께하세요.,이번 주 행운의 요일은 금요일입니다. 키워드는 '기회'과 '인내'를 기억하세요.
82,이번 주는 리더십을 발휘할 기회가 찾아올 수 있습니다. 자신감 있게 앞장서 보세요.,이번 주 행운의 요일은 목요일입니다. 키워드는 '휴식'과 '변화'를 기억하세요.
83,이번 주는 건강 관리에 신경 써야 할 시기입니다. 충분한 휴식이 다음 주 도약의 발판이 됩니다.,이번 주 행운의 요일은 목요일입니다. 키워드는 '도전'과 '성장'를 기억하세요.
84,이번 주는 인간관계에서 뜻밖의 도움을 받을 수 있습니다. 주변 사람들과의 소통을 늘려보세요.,이번 주 행운의 요일은 목요일입니다. 키워드는 '인내'과 '변화'를 기억하세요.
85,이번 주는 인간관계에서 뜻밖의 도움을 받을 수 있습니다. 주변 사람들과의 소통을 늘려보세요.,이번 주 행운의 요일은 목요일입니다. 키워드는 '감사'과 '기회'를 기억하세요.
86,이번 주는 새로운 시작을 알리는 에너지가 강합니다. 월요일부터 적극적으로 움직이면 좋은 결과가 따라옵니다.,이번 주 행운의 요일은 월요일입니다. 키워드는 '감사'과 '감사'를 기억하세요.
87,이번 주는 학업이나 자기계발에 집중하기 좋은 에너지입니다. 배움에 투자하세요.,이번 주 행운의 요일은 수요일입니다. 키워드는 '변화'과 '집중'를 기억하세요.
88,이번 주는 가족과의 시간이 큰 위안이 될 것입니다. 소중한 사람들과 함께하세요.,이번 주 행운의 요일은 토요일입니다. 키워드는 '감사'과 '도전'를 기억하세요.
89,이번 주는 학업이나 자기계발에 집중하기 좋은 에너지입니다. 배움에 투자하세요.,이번 주 행운의 요일은 목요일입니다. 키워드는 '성장'과 '변화'를 기억하세요.
90,이번 주 중반부터 좋은 기운이 흘러들어옵니다. 수요일 이후 중요한 결정은 신중하게 하세요.,이번 주 행운의 요일은 월요일입니다. 키워드는 '휴식'과 '감사'를 기억하세요.
91,이번 주는 재물운이 상승하는 흐름입니다. 작은 투자나 저축을 시작하기 좋은 시기입니다.,이번 주 행운의 요일은 월요일입니다. 키워드는 '인내'과 '인내'를 기억하세요.
92,이번 주는 새로운 만남이 기다리고 있습니다. 첫인상에 신경 써보세요.,이번 주 행운의 요일은 화요일입니다. 키워드는 '변화'과 '기회'를 기억하세요.
93,이번 주 중반부터 좋은 기운이 흘러들어옵니다. 수요일 이후 중요한 결정은 신중하게 하세요.,이번 주 행운의 요일은 토요일입니다. 키워드는 '성장'과 '기회'를 기억하세요.
94,이번 주는 새로운 시작을 알리는 에너지가 강합니다. 월요일부터 적극적으로 움직이면 좋은 결과가 따라옵니다.,이번 주 행운의 요일은 목요일입니다. 키워드는 '도전'과 '소통'를 기억하세요.
95,이번 주는 직장이나 사업에서 좋은 평가를 받을 수 있는 흐름입니다. 최선을 다해보세요.,이번 주 행운의 요일은 월요일입니다. 키워드는 '집중'과 '도전'를 기억하세요.
96,이번 주는 주변 환경의 변화가 긍정적인 영향을 줄 수 있습니다. 변화를 두려워하지 마세요.,이번 주 행운의 요일은 목요일입니다. 키워드는 '도전'과 '집중'를 기억하세요.
97,이번 주는 인간관계에서 뜻밖의 도움을 받을 수 있습니다. 주변 사람들과의 소통을 늘려보세요.,이번 주 행운의 요일은 월요일입니다. 키워드는 '성장'과 '휴식'를 기억하세요.
98,이번 주는 계획했던 일들이 순조롭게 진행될 흐름입니다. 꾸준함이 핵심입니다.,이번 주 행운의 요일은 토요일입니다. 키워드는 '기회'과 '성장'를 기억하세요.
99,이번 주는 학업이나 자기계발에 집중하기 좋은 에너지입니다. 배움에 투자하세요.,이번 주 행운의 요일은 금요일입니다. 키워드는 '집중'과 '집중'를 기억하세요.
100,이번 주는 인간관계에서 뜻밖의 도움을 받을 수 있습니다. 주변 사람들과의 소통을 늘려보세요.,이번 주 행운의 요일은 화요일입니다. 키워드는 '인내'과 '기회'를 기억하세요.
101,이번 주는 직장이나 사업에서 좋은 평가를 받을 수 있는 흐름입니다. 최선을 다해보세요.,이번 주 행운의 요일은 토요일입니다. 키워드는 '집중'과 '배움'를 기억하세요.
102,이번 주 중반부터 좋은 기운이 흘러들어옵니다. 수요일 이후 중요한 결정은 신중하게 하세요.,이번 주 행운의 요일은 월요일입니다. 키워드는 '감사'과 '성장'를 기억하세요.
103,이번 주는 가족과의 시간이 큰 위안이 될 것입니다. 소중한 사람들과 함께하세요.,이번 주 행운의 요일은 토요일입니다. 키워드는 '변화'과 '휴식'를 기억하세요.
104,이번 주는 가족과의 시간이 큰 위안이 될 것입니다. 소중한 사람들과 함께하세요.,이번 주 행운의 요일은 금요일입니다. 키워드는 '소통'과 '도전'를 기억하세요.
105,이번 주는 계획했던 일들이 순조롭게 진행될 흐름입니다. 꾸준함이 핵심입니다.,이번 주 행운의 요일은 목요일입니다. 키워드는 '휴식'과 '성장'를 기억하세요.
106,이번 주는 학업이나 자기계발에 집중하기 좋은 에너지입니다. 배움에 투자하세요.,이번 주 행운의 요일은 토요일입니다. 키워드는 '소통'과 '기회'를 기억하세요.
107,이번 주는 재물운이 상승하는 흐름입니다. 작은 투자나 저축을 시작하기 좋은 시기입니다.,이번 주 행운의 요일은 화요일입니다. 키워드는 '소통'과 '소통'를 기억하세요.
108,이번 주는 직장이나 사업에서 좋은 평가를 받을 수 있는 흐름입니다. 최선을 다해보세요.,이번 주 행운의 요일은 수요일입니다. 키워드는 '배움'과 '도전'를 기억하세요.
109,이번 주는 재물운이 상승하는 흐름입니다. 작은 투자나 저축을 시작하기 좋은 시기입니다.,이번 주 행운의 요일은 화요일입니다. 키워드는 '변화'과 '도전'를 기억하세요.
110,이번 주는 감정적으로 안정된 흐름입니다. 오래된 갈등이 자연스럽게 해소될 수 있습니다.,이번 주 행운의 요일은 목요일입니다. 키워드는 '집중'과 '기회'를 기억하세요.
111,이번 주는 재물운이 상승하는 흐름입니다. 작은 투자나 저축을 시작하기 좋은 시기입니다.,이번 주 행운의 요일은 토요일입니다. 키워드는 '인내'과 '인내'를 기억하세요.
112,이번 주는 건강 관리에 신경 써야 할 시기입니다. 충분한 휴식이 다음 주 도약의 발판이 됩니다.,이번 주 행운의 요일은 화요일입니다. 키워드는 '소통'과 '성장'를 기억하세요.
113,이번 주는 주변 환경의 변화가 긍정적인 영향을 줄 수 있습니다. 변화를 두려워하지 마세요.,이번 주 행운의 요일은 금요일입니다. 키워드는 '변화'과 '도전'를 기억하세요.
114,이번 주는 리더십을 발휘할 기회가 찾아올 수 있습니다. 자신감 있게 앞장서 보세요.,이번 주 행운의 요일은 월요일입니다. 키워드는 '감사'과 '도전'를 기억하세요.
115,이번 주는 재물운이 상승하는 흐름입니다. 작은 투자나 저축을 시작하기 좋은 시기입니다.,이번 주 행운의 요일은 화요일입니다. 키워드는 '감사'과 '인내'를 기억하세요.
116,이번 주는 새로운 시작을 알리는 에너지가 강합니다. 월요일부터 적극적으로 움직이면 좋은 결과가 따라옵니다.,이번 주 행운의 요일은 수요일입니다. 키워드는 '소통'과 '인내'를 기억하세요.
117,이번 주는 학업이나 자기계발에 집중하기 좋은 에너지입니다. 배움에 투자하세요.,이번 주 행운의 요일은 월요일입니다. 키워드는 '감사'과 '기회'를 기억하세요.
118,이번 주는 인간관계에서 뜻밖의 도움을 받을 수 있습니다. 주변 사람들과의 소통을 늘려보세요.,이번 주 행운의 요일은 일요일입니다. 키워드는 '도전'과 '감사'를 기억하세요.
119,이번 주는 새로운 만남이 기다리고 있습니다. 첫인상에 신경 써보세요.,이번 주 행운의 요일은 수요일입니다. 키워드는 '감사'과 '인내'를 기억하세요.
120,이번 주는 계획했던 일들이 순조롭게 진행될 흐름입니다. 꾸준함이 핵심입니다.,이번 주 행운의 요일은 금요일입니다. 키워드는 '소통'과 '인내'를 기억하세요.
121,이번 주는 건강 관리에 신경 써야 할 시기입니다. 충분한 휴식이 다음 주 도약의 발판이 됩니다.,이번 주 행운의 요일은 토요일입니다. 키워드는 '집중'과 '휴식'를 기억하세요.
122,이번 주는 계획했던 일들이 순조롭게 진행될 흐름입니다. 꾸준함이 핵심입니다.,이번 주 행운의 요일은 토요일입니다. 키워드는 '감사'과 '인내'를 기억하세요.
123,이번 주는 예상치 못한 좋은 소식이 들려올 수 있습니다. 열린 마음으로 기회를 맞이하세요.,이번 주 행운의 요일은 일요일입니다. 키워드는 '기회'과 '기회'를 기억하세요.
124,이번 주는 재물운이 상승하는 흐름입니다. 작은 투자나 저축을 시작하기 좋은 시기입니다.,이번 주 행운의 요일은 월요일입니다. 키워드는 '변화'과 '성장'를 기억하세요.
125,이번 주는 직장이나 사업에서 좋은 평가를 받을 수 있는 흐름입니다. 최선을 다해보세요.,이번 주 행운의 요일은 화요일입니다. 키워드는 '기회'과 '소통'를 기억하세요.
126,이번 주는 계획했던 일들이 순조롭게 진행될 흐름입니다. 꾸준함이 핵심입니다.,이번 주 행운의 요일은 목요일입니다. 키워드는 '휴식'과 '기회'를 기억하세요.
127,이번 주는 감정적으로 안정된 흐름입니다. 오래된 갈등이 자연스럽게 해소될 수 있습니다.,이번 주 행운의 요일은 일요일입니다. 키워드는 '휴식'과 '성장'를 기억하세요.
128,이번 주는 새로운 만남이 기다리고 있습니다. 첫인상에 신경 써보세요.,이번 주 행운의 요일은 일요일입니다. 키워드는 '배움'과 '인내'를 기억하세요.
129,이번 주는 주변 환경의 변화가 긍정적인 영향을 줄 수 있습니다. 변화를 두려워하지 마세요.,이번 주 행운의 요일은 금요일입니다. 키워드는 '인내'과 '집중'를 기억하세요.
130,이번 주는 재물운이 상승하는 흐름입니다. 작은 투자나 저축을 시작하기 좋은 시기입니다.,이번 주 행운의 요일은 수요일입니다. 키워드는 '성장'과 '인내'를 기억하세요.
131,이번 주는 새로운 만남이 기다리고 있습니다. 첫인상에 신경 써보세요.,이번 주 행운의 요일은 토요일입니다. 키워드는 '변화'과 '소통'를 기억하세요.
132,이번 주는 새로운 시작을 알리는 에너지가 강합니다. 월요일부터 적극적으로 움직이면 좋은 결과가 따라옵니다.,이번 주 행운의 요일은 토요일입니다. 키워드는 '감사'과 '성장'를 기억하세요.
133,이번 주는 건강 관리에 신경 써야 할 시기입니다. 충분한 휴식이 다음 주 도약의 발판이 됩니다.,이번 주 행운의 요일은 월요일입니다. 키워드는 '집중'과 '휴식'를 기억하세요.
134,이번 주는 계획했던 일들이 순조롭게 진행될 흐름입니다. 꾸준함이 핵심입니다.,이번 주 행운의 요일은 화요일입니다. 키워드는 '기회'과 '휴식'를 기억하세요.
135,이번 주는 새로운 시작을 알리는 에너지가 강합니다. 월요일부터 적극적으로 움직이면 좋은 결과가 따라옵니다.,이번 주 행운의 요일은 토요일입니다. 키워드는 '집중'과 '소통'를 기억하세요.
136,이번 주 중반부터 좋은 기운이 흘러들어옵니다. 수요일 이후 중요한 결정은 신중하게 하세요.,이번 주 행운의 요일은 월요일입니다. 키워드는 '배움'과 '성장'를 기억하세요.
137,이번 주는 새로운 만남이 기다리고 있습니다. 첫인상에 신경 써보세요.,이번 주 행운의 요일은 월요일입니다. 키워드는 '감사'과 '소통'를 기억하세요.
138,이번 주는 인간관계에서 뜻밖의 도움을 받을 수 있습니다. 주변 사람들과의 소통을 늘려보세요.,이번 주 행운의 요일은 수요일입니다. 키워드는 '기회'과 '변화'를 기억하세요.
139,이번 주는 건강 관리에 신경 써야 할 시기입니다. 충분한 휴식이 다음 주 도약의 발판이 됩니다.,이번 주 행운의 요일은 토요일입니다. 키워드는 '집중'과 '배움'를 기억하세요.
140,이번 주는 예상치 못한 좋은 소식이 들려올 수 있습니다. 열린 마음으로 기회를 맞이하세요.,이번 주 행운의 요일은 월요일입니다. 키워드는 '집중'과 '도전'를 기억하세요.
141,이번 주는 직장이나 사업에서 좋은 평가를 받을 수 있는 흐름입니다. 최선을 다해보세요.,이번 주 행운의 요일은 일요일입니다. 키워드는 '변화'과 '기회'를 기억하세요.
142,이번 주 중반부터 좋은 기운이 흘러들어옵니다. 수요일 이후 중요한 결정은 신중하게 하세요.,이번 주 행운의 요일은 일요일입니다. 키워드는 '도전'과 '감사'를 기억하세요.
143,이번 주는 가족과의 시간이 큰 위안이 될 것입니다. 소중한 사람들과 함께하세요.,이번 주 행운의 요일은 월요일입니다. 키워드는 '기회'과 '인내'를 기억하세요.
144,이번 주는 가족과의 시간이 큰 위안이 될 것입니다. 소중한 사람들과 함께하세요.,이번 주 행운의 요일은 일요일입니다. 키워드는 '집중'과 '소통'를 기억하세요.
145,이번 주는 창의적인 아이디어가 넘치는 한 주가 될 것입니다. 메모하는 습관을 들여보세요.,이번 주 행운의 요일은 화요일입니다. 키워드는 '휴식'과 '감사'를 기억하세요.
146,이번 주는 직장이나 사업에서 좋은 평가를 받을 수 있는 흐름입니다. 최선을 다해보세요.,이번 주 행운의 요일은 수요일입니다. 키워드는 '소통'과 '휴식'를 기억하세요.
147,이번 주 중반부터 좋은 기운이 흘러들어옵니다. 수요일 이후 중요한 결정은 신중하게 하세요.,이번 주 행운의 요일은 금요일입니다. 키워드는 '집중'과 '인내'를 기억하세요.
148,이번 주는 예상치 못한 좋은 소식이 들려올 수 있습니다. 열린 마음으로 기회를 맞이하세요.,이번 주 행운의 요일은 수요일입니다. 키워드는 '휴식'과 '소통'를 기억하세요.
149,이번 주는 주변 환경의 변화가 긍정적인 영향을 줄 수 있습니다. 변화를 두려워하지 마세요.,이번 주 행운의 요일은 목요일입니다. 키워드는 '소통'과 '집중'를 기억하세요.
150,이번 주는 새로운 시작을 알리는 에너지가 강합니다. 월요일부터 적극적으로 움직이면 좋은 결과가 따라옵니다.,이번 주 행운의 요일은 수요일입니다. 키워드는 '감사'과 '도전'를 기억하세요.
151,이번 주는 학업이나 자기계발에 집중하기 좋은 에너지입니다. 배움에 투자하세요.,이번 주 행운의 요일은 토요일입니다. 키워드는 '집중'과 '배움'를 기억하세요.
152,이번 주는 새로운 만남이 기다리고 있습니다. 첫인상에 신경 써보세요.,이번 주 행운의 요일은 금요일입니다. 키워드는 '집중'과 '소통'를 기억하세요.
153,이번 주는 새로운 시작을 알리는 에너지가 강합니다. 월요일부터 적극적으로 움직이면 좋은 결과가 따라옵니다.,이번 주 행운의 요일은 화요일입니다. 키워드는 '휴식'과 '성장'를 기억하세요.
154,이번 주는 재물운이 상승하는 흐름입니다. 작은 투자나 저축을 시작하기 좋은 시기입니다.,이번 주 행운의 요일은 화요일입니다. 키워드는 '기회'과 '배움'를 기억하세요.
155,이번 주는 재물운이 상승하는 흐름입니다. 작은 투자나 저축을 시작하기 좋은 시기입니다.,이번 주 행운의 요일은 월요일입니다. 키워드는 '휴식'과 '배움'를 기억하세요.
156,이번 주는 계획했던 일들이 순조롭게 진행될 흐름입니다. 꾸준함이 핵심입니다.,이번 주 행운의 요일은 수요일입니다. 키워드는 '소통'과 '집중'를 기억하세요.
157,이번 주는 가족과의 시간이 큰 위안이 될 것입니다. 소중한 사람들과 함께하세요.,이번 주 행운의 요일은 수요일입니다. 키워드는 '변화'과 '배움'를 기억하세요.
158,이번 주는 재물운이 상승하는 흐름입니다. 작은 투자나 저축을 시작하기 좋은 시기입니다.,이번 주 행운의 요일은 월요일입니다. 키워드는 '변화'과 '배움'를 기억하세요.
159,이번 주는 창의적인 아이디어가 넘치는 한 주가 될 것입니다. 메모하는 습관을 들여보세요.,이번 주 행운의 요일은 금요일입니다. 키워드는 '인내'과 '성장'를 기억하세요.
160,이번 주는 재물운이 상승하는 흐름입니다. 작은 투자나 저축을 시작하기 좋은 시기입니다.,이번 주 행운의 요일은 일요일입니다. 키워드는 '인내'과 '감사'를 기억하세요.
161,이번 주는 건강 관리에 신경 써야 할 시기입니다. 충분한 휴식이 다음 주 도약의 발판이 됩니다.,이번 주 행운의 요일은 수요일입니다. 키워드는 '소통'과 '배움'를 기억하세요.
162,이번 주는 예상치 못한 좋은 소식이 들려올 수 있습니다. 열린 마음으로 기회를 맞이하세요.,이번 주 행운의 요일은 목요일입니다. 키워드는 '변화'과 '배움'를 기억하세요.
163,이번 주 중반부터 좋은 기운이 흘러들어옵니다. 수요일 이후 중요한 결정은 신중하게 하세요.,이번 주 행운의 요일은 일요일입니다. 키워드는 '도전'과 '휴식'를 기억하세요.
164,이번 주는 예상치 못한 좋은 소식이 들려올 수 있습니다. 열린 마음으로 기회를 맞이하세요.,이번 주 행운의 요일은 월요일입니다. 키워드는 '기회'과 '소통'를 기억하세요.
165,이번 주는 리더십을 발휘할 기회가 찾아올 수 있습니다. 자신감 있게 앞장서 보세요.,이번 주 행운의 요일은 금요일입니다. 키워드는 '휴식'과 '성장'를 기억하세요.
166,이번 주 중반부터 좋은 기운이 흘러들어옵니다. 수요일 이후 중요한 결정은 신중하게 하세요.,이번 주 행운의 요일은 목요일입니다. 키워드는 '인내'과 '기회'를 기억하세요.
167,이번 주 중반부터 좋은 기운이 흘러들어옵니다. 수요일 이후 중요한 결정은 신중하게 하세요.,이번 주 행운의 요일은 일요일입니다. 키워드는 '변화'과 '성장'를 기억하세요.
168,이번 주는 예상치 못한 좋은 소식이 들려올 수 있습니다. 열린 마음으로 기회를 맞이하세요.,이번 주 행운의 요일은 토요일입니다. 키워드는 '소통'과 '소통'를 기억하세요.
169,이번 주는 예상치 못한 좋은 소식이 들려올 수 있습니다. 열린 마음으로 기회를 맞이하세요.,이번 주 행운의 요일은 목요일입니다. 키워드는 '감사'과 '소통'를 기억하세요.
170,이번 주는 인간관계에서 뜻밖의 도움을 받을 수 있습니다. 주변 사람들과의 소통을 늘려보세요.,이번 주 행운의 요일은 금요일입니다. 키워드는 '소통'과 '휴식'를 기억하세요.
171,이번 주는 인간관계에서 뜻밖의 도움을 받을 수 있습니다. 주변 사람들과의 소통을 늘려보세요.,이번 주 행운의 요일은 일요일입니다. 키워드는 '인내'과 '도전'를 기억하세요.
172,이번 주는 건강 관리에 신경 써야 할 시기입니다. 충분한 휴식이 다음 주 도약의 발판이 됩니다.,이번 주 행운의 요일은 목요일입니다. 키워드는 '휴식'과 '감사'를 기억하세요.
173,이번 주는 주변 환경의 변화가 긍정적인 영향을 줄 수 있습니다. 변화를 두려워하지 마세요.,이번 주 행운의 요일은 금요일입니다. 키워드는 '집중'과 '소통'를 기억하세요.
174,이번 주는 주변 환경의 변화가 긍정적인 영향을 줄 수 있습니다. 변화를 두려워하지 마세요.,이번 주 행운의 요일은 화요일입니다. 키워드는 '배움'과 '변화'를 기억하세요.
175,이번 주는 건강 관리에 신경 써야 할 시기입니다. 충분한 휴식이 다음 주 도약의 발판이 됩니다.,이번 주 행운의 요일은 금요일입니다. 키워드는 '감사'과 '감사'를 기억하세요.
176,이번 주는 예상치 못한 좋은 소식이 들려올 수 있습니다. 열린 마음으로 기회를 맞이하세요.,이번 주 행운의 요일은 목요일입니다. 키워드는 '도전'과 '집중'를 기억하세요.
177,이번 주는 건강 관리에 신경 써야 할 시기입니다. 충분한 휴식이 다음 주 도약의 발판이 됩니다.,이번 주 행운의 요일은 토요일입니다. 키워드는 '집중'과 '변화'를 기억하세요.
178,이번 주는 예상치 못한 좋은 소식이 들려올 수 있습니다. 열린 마음으로 기회를 맞이하세요.,이번 주 행운의 요일은 월요일입니다. 키워드는 '휴식'과 '도전'를 기억하세요.
179,이번 주는 창의적인 아이디어가 넘치는 한 주가 될 것입니다. 메모하는 습관을 들여보세요.,이번 주 행운의 요일은 토요일입니다. 키워드는 '휴식'과 '변화'를 기억하세요.
180,이번 주는 계획했던 일들이 순조롭게 진행될 흐름입니다. 꾸준함이 핵심입니다.,이번 주 행운의 요일은 일요일입니다. 키워드는 '기회'과 '기회'를 기억하세요.
181,이번 주는 건강 관리에 신경 써야 할 시기입니다. 충분한 휴식이 다음 주 도약의 발판이 됩니다.,이번 주 행운의 요일은 토요일입니다. 키워드는 '집중'과 '변화'를 기억하세요.
182,이번 주는 새로운 만남이 기다리고 있습니다. 첫인상에 신경 써보세요.,이번 주 행운의 요일은 금요일입니다. 키워드는 '인내'과 '도전'를 기억하세요.
183,이번 주는 계획했던 일들이 순조롭게 진행될 흐름입니다. 꾸준함이 핵심입니다.,이번 주 행운의 요일은 화요일입니다. 키워드는 '배움'과 '소통'를 기억하세요.
184,이번 주는 리더십을 발휘할 기회가 찾아올 수 있습니다. 자신감 있게 앞장서 보세요.,이번 주 행운의 요일은 화요일입니다. 키워드는 '휴식'과 '감사'를 기억하세요.
185,이번 주는 가족과의 시간이 큰 위안이 될 것입니다. 소중한 사람들과 함께하세요.,이번 주 행운의 요일은 토요일입니다. 키워드는 '배움'과 '변화'를 기억하세요.
186,이번 주는 직장이나 사업에서 좋은 평가를 받을 수 있는 흐름입니다. 최선을 다해보세요.,이번 주 행운의 요일은 금요일입니다. 키워드는 '집중'과 '인내'를 기억하세요.
187,이번 주는 인간관계에서 뜻밖의 도움을 받을 수 있습니다. 주변 사람들과의 소통을 늘려보세요.,이번 주 행운의 요일은 화요일입니다. 키워드는 '휴식'과 '소통'를 기억하세요.
188,이번 주는 계획했던 일들이 순조롭게 진행될 흐름입니다. 꾸준함이 핵심입니다.,이번 주 행운의 요일은 월요일입니다. 키워드는 '소통'과 '배움'를 기억하세요.
189,이번 주는 직장이나 사업에서 좋은 평가를 받을 수 있는 흐름입니다. 최선을 다해보세요.,이번 주 행운의 요일은 월요일입니다. 키워드는 '집중'과 '집중'를 기억하세요.
190,이번 주는 감정적으로 안정된 흐름입니다. 오래된 갈등이 자연스럽게 해소될 수 있습니다.,이번 주 행운의 요일은 월요일입니다. 키워드는 '소통'과 '인내'를 기억하세요.
191,이번 주는 학업이나 자기계발에 집중하기 좋은 에너지입니다. 배움에 투자하세요.,이번 주 행운의 요일은 일요일입니다. 키워드는 '도전'과 '감사'를 기억하세요.
192,이번 주는 학업이나 자기계발에 집중하기 좋은 에너지입니다. 배움에 투자하세요.,이번 주 행운의 요일은 금요일입니다. 키워드는 '소통'과 '감사'를 기억하세요.
193,이번 주는 재물운이 상승하는 흐름입니다. 작은 투자나 저축을 시작하기 좋은 시기입니다.,이번 주 행운의 요일은 수요일입니다. 키워드는 '집중'과 '소통'를 기억하세요.
194,이번 주는 예상치 못한 좋은 소식이 들려올 수 있습니다. 열린 마음으로 기회를 맞이하세요.,이번 주 행운의 요일은 토요일입니다. 키워드는 '기회'과 '배움'를 기억하세요.
195,이번 주는 가족과의 시간이 큰 위안이 될 것입니다. 소중한 사람들과 함께하세요.,이번 주 행운의 요일은 목요일입니다. 키워드는 '감사'과 '성장'를 기억하세요.
196,이번 주 중반부터 좋은 기운이 흘러들어옵니다. 수요일 이후 중요한 결정은 신중하게 하세요.,이번 주 행운의 요일은 월요일입니다. 키워드는 '감사'과 '휴식'를 기억하세요.
197,이번 주는 새로운 만남이 기다리고 있습니다. 첫인상에 신경 써보세요.,이번 주 행운의 요일은 화요일입니다. 키워드는 '집중'과 '변화'를 기억하세요.
198,이번 주는 계획했던 일들이 순조롭게 진행될 흐름입니다. 꾸준함이 핵심입니다.,이번 주 행운의 요일은 금요일입니다. 키워드는 '배움'과 '기회'를 기억하세요.
199,이번 주는 주변 환경의 변화가 긍정적인 영향을 줄 수 있습니다. 변화를 두려워하지 마세요.,이번 주 행운의 요일은 수요일입니다. 키워드는 '배움'과 '기회'를 기억하세요.
200,이번 주는 감정적으로 안정된 흐름입니다. 오래된 갈등이 자연스럽게 해소될 수 있습니다.,이번 주 행운의 요일은 수요일입니다. 키워드는 '기회'과 '도전'를 기억하세요.
201,이번 주는 리더십을 발휘할 기회가 찾아올 수 있습니다. 자신감 있게 앞장서 보세요.,이번 주 행운의 요일은 목요일입니다. 키워드는 '인내'과 '도전'를 기억하세요.
202,이번 주는 새로운 시작을 알리는 에너지가 강합니다. 월요일부터 적극적으로 움직이면 좋은 결과가 따라옵니다.,이번 주 행운의 요일은 토요일입니다. 키워드는 '기회'과 '배움'를 기억하세요.
203,이번 주는 감정적으로 안정된 흐름입니다. 오래된 갈등이 자연스럽게 해소될 수 있습니다.,이번 주 행운의 요일은 토요일입니다. 키워드는 '성장'과 '변화'를 기억하세요.
204,이번 주는 직장이나 사업에서 좋은 평가를 받을 수 있는 흐름입니다. 최선을 다해보세요.,이번 주 행운의 요일은 월요일입니다. 키워드는 '도전'과 '배움'를 기억하세요.
205,이번 주는 가족과의 시간이 큰 위안이 될 것입니다. 소중한 사람들과 함께하세요.,이번 주 행운의 요일은 금요일입니다. 키워드는 '인내'과 '감사'를 기억하세요.
206,이번 주는 인간관계에서 뜻밖의 도움을 받을 수 있습니다. 주변 사람들과의 소통을 늘려보세요.,이번 주 행운의 요일은 수요일입니다. 키워드는 '소통'과 '변화'를 기억하세요.
207,이번 주는 재물운이 상승하는 흐름입니다. 작은 투자나 저축을 시작하기 좋은 시기입니다.,이번 주 행운의 요일은 일요일입니다. 키워드는 '변화'과 '배움'를 기억하세요.
208,이번 주는 새로운 시작을 알리는 에너지가 강합니다. 월요일부터 적극적으로 움직이면 좋은 결과가 따라옵니다.,이번 주 행운의 요일은 화요일입니다. 키워드는 '감사'과 '성장'를 기억하세요.
209,이번 주는 창의적인 아이디어가 넘치는 한 주가 될 것입니다. 메모하는 습관을 들여보세요.,이번 주 행운의 요일은 금요일입니다. 키워드는 '배움'과 '성장'를 기억하세요.
210,이번 주는 직장이나 사업에서 좋은 평가를 받을 수 있는 흐름입니다. 최선을 다해보세요.,이번 주 행운의 요일은 일요일입니다. 키워드는 '배움'과 '배움'를 기억하세요.
211,이번 주는 재물운이 상승하는 흐름입니다. 작은 투자나 저축을 시작하기 좋은 시기입니다.,이번 주 행운의 요일은 토요일입니다. 키워드는 '성장'과 '인내'를 기억하세요.
212,이번 주는 직장이나 사업에서 좋은 평가를 받을 수 있는 흐름입니다. 최선을 다해보세요.,이번 주 행운의 요일은 수요일입니다. 키워드는 '도전'과 '변화'를 기억하세요.
213,이번 주는 건강 관리에 신경 써야 할 시기입니다. 충분한 휴식이 다음 주 도약의 발판이 됩니다.,이번 주 행운의 요일은 목요일입니다. 키워드는 '변화'과 '성장'를 기억하세요.
214,이번 주는 재물운이 상승하는 흐름입니다. 작은 투자나 저축을 시작하기 좋은 시기입니다.,이번 주 행운의 요일은 화요일입니다. 키워드는 '휴식'과 '감사'를 기억하세요.
215,이번 주는 학업이나 자기계발에 집중하기 좋은 에너지입니다. 배움에 투자하세요.,이번 주 행운의 요일은 토요일입니다. 키워드는 '기회'과 '인내'를 기억하세요.
216,이번 주는 건강 관리에 신경 써야 할 시기입니다. 충분한 휴식이 다음 주 도약의 발판이 됩니다.,이번 주 행운의 요일은 일요일입니다. 키워드는 '휴식'과 '배움'를 기억하세요.
217,이번 주는 감정적으로 안정된 흐름입니다. 오래된 갈등이 자연스럽게 해소될 수 있습니다.,이번 주 행운의 요일은 수요일입니다. 키워드는 '감사'과 '변화'를 기억하세요.
218,이번 주는 창의적인 아이디어가 넘치는 한 주가 될 것입니다. 메모하는 습관을 들여보세요.,이번 주 행운의 요일은 화요일입니다. 키워드는 '배움'과 '감사'를 기억하세요.
219,이번 주는 창의적인 아이디어가 넘치는 한 주가 될 것입니다. 메모하는 습관을 들여보세요.,이번 주 행운의 요일은 화요일입니다. 키워드는 '인내'과 '배움'를 기억하세요.
220,이번 주는 창의적인 아이디어가 넘치는 한 주가 될 것입니다. 메모하는 습관을 들여보세요.,이번 주 행운의 요일은 월요일입니다. 키워드는 '변화'과 '인내'를 기억하세요.
221,이번 주는 감정적으로 안정된 흐름입니다. 오래된 갈등이 자연스럽게 해소될 수 있습니다.,이번 주 행운의 요일은 토요일입니다. 키워드는 '감사'과 '변화'를 기억하세요.
222,이번 주는 재물운이 상승하는 흐름입니다. 작은 투자나 저축을 시작하기 좋은 시기입니다.,이번 주 행운의 요일은 일요일입니다. 키워드는 '변화'과 '도전'를 기억하세요.
223,이번 주는 창의적인 아이디어가 넘치는 한 주가 될 것입니다. 메모하는 습관을 들여보세요.,이번 주 행운의 요일은 수요일입니다. 키워드는 '성장'과 '도전'를 기억하세요.
224,이번 주는 직장이나 사업에서 좋은 평가를 받을 수 있는 흐름입니다. 최선을 다해보세요.,이번 주 행운의 요일은 수요일입니다. 키워드는 '집중'과 '변화'를 기억하세요.
225,이번 주는 새로운 만남이 기다리고 있습니다. 첫인상에 신경 써보세요.,이번 주 행운의 요일은 월요일입니다. 키워드는 '기회'과 '기회'를 기억하세요.
226,이번 주는 감정적으로 안정된 흐름입니다. 오래된 갈등이 자연스럽게 해소될 수 있습니다.,이번 주 행운의 요일은 일요일입니다. 키워드는 '배움'과 '소통'를 기억하세요.
227,이번 주는 리더십을 발휘할 기회가 찾아올 수 있습니다. 자신감 있게 앞장서 보세요.,이번 주 행운의 요일은 금요일입니다. 키워드는 '변화'과 '변화'를 기억하세요.
228,이번 주는 인간관계에서 뜻밖의 도움을 받을 수 있습니다. 주변 사람들과의 소통을 늘려보세요.,이번 주 행운의 요일은 목요일입니다. 키워드는 '휴식'과 '성장'를 기억하세요.
229,이번 주는 학업이나 자기계발에 집중하기 좋은 에너지입니다. 배움에 투자하세요.,이번 주 행운의 요일은 일요일입니다. 키워드는 '기회'과 '인내'를 기억하세요.
230,이번 주는 가족과의 시간이 큰 위안이 될 것입니다. 소중한 사람들과 함께하세요.,이번 주 행운의 요일은 목요일입니다. 키워드는 '성장'과 '도전'를 기억하세요.
231,이번 주는 재물운이 상승하는 흐름입니다. 작은 투자나 저축을 시작하기 좋은 시기입니다.,이번 주 행운의 요일은 월요일입니다. 키워드는 '감사'과 '집중'를 기억하세요.
232,이번 주는 가족과의 시간이 큰 위안이 될 것입니다. 소중한 사람들과 함께하세요.,이번 주 행운의 요일은 금요일입니다. 키워드는 '배움'과 '기회'를 기억하세요.
233,이번 주는 건강 관리에 신경 써야 할 시기입니다. 충분한 휴식이 다음 주 도약의 발판이 됩니다.,이번 주 행운의 요일은 목요일입니다. 키워드는 '도전'과 '휴식'를 기억하세요.
234,이번 주는 새로운 시작을 알리는 에너지가 강합니다. 월요일부터 적극적으로 움직이면 좋은 결과가 따라옵니다.,이번 주 행운의 요일은 월요일입니다. 키워드는 '인내'과 '변화'를 기억하세요.
235,이번 주는 새로운 만남이 기다리고 있습니다. 첫인상에 신경 써보세요.,이번 주 행운의 요일은 목요일입니다. 키워드는 '감사'과 '배움'를 기억하세요.
236,이번 주는 리더십을 발휘할 기회가 찾아올 수 있습니다. 자신감 있게 앞장서 보세요.,이번 주 행운의 요일은 수요일입니다. 키워드는 '변화'과 '기회'를 기억하세요.
237,이번 주는 예상치 못한 좋은 소식이 들려올 수 있습니다. 열린 마음으로 기회를 맞이하세요.,이번 주 행운의 요일은 토요일입니다. 키워드는 '소통'과 '변화'를 기억하세요.
238,이번 주는 예상치 못한 좋은 소식이 들려올 수 있습니다. 열린 마음으로 기회를 맞이하세요.,이번 주 행운의 요일은 월요일입니다. 키워드는 '휴식'과 '성장'를 기억하세요.
239,이번 주 중반부터 좋은 기운이 흘러들어옵니다. 수요일 이후 중요한 결정은 신중하게 하세요.,이번 주 행운의 요일은 화요일입니다. 키워드는 '소통'과 '집중'를 기억하세요.
240,이번 주는 재물운이 상승하는 흐름입니다. 작은 투자나 저축을 시작하기 좋은 시기입니다.,이번 주 행운의 요일은 월요일입니다. 키워드는 '배움'과 '기회'를 기억하세요.
241,이번 주는 주변 환경의 변화가 긍정적인 영향을 줄 수 있습니다. 변화를 두려워하지 마세요.,이번 주 행운의 요일은 월요일입니다. 키워드는 '감사'과 '소통'를 기억하세요.
242,이번 주는 감정적으로 안정된 흐름입니다. 오래된 갈등이 자연스럽게 해소될 수 있습니다.,이번 주 행운의 요일은 일요일입니다. 키워드는 '감사'과 '감사'를 기억하세요.
243,이번 주는 리더십을 발휘할 기회가 찾아올 수 있습니다. 자신감 있게 앞장서 보세요.,이번 주 행운의 요일은 수요일입니다. 키워드는 '배움'과 '도전'를 기억하세요.
244,이번 주는 감정적으로 안정된 흐름입니다. 오래된 갈등이 자연스럽게 해소될 수 있습니다.,이번 주 행운의 요일은 금요일입니다. 키워드는 '감사'과 '집중'를 기억하세요.
245,이번 주는 예상치 못한 좋은 소식이 들려올 수 있습니다. 열린 마음으로 기회를 맞이하세요.,이번 주 행운의 요일은 수요일입니다. 키워드는 '감사'과 '집중'를 기억하세요.
246,이번 주는 인간관계에서 뜻밖의 도움을 받을 수 있습니다. 주변 사람들과의 소통을 늘려보세요.,이번 주 행운의 요일은 토요일입니다. 키워드는 '집중'과 '인내'를 기억하세요.
247,이번 주는 새로운 시작을 알리는 에너지가 강합니다. 월요일부터 적극적으로 움직이면 좋은 결과가 따라옵니다.,이번 주 행운의 요일은 월요일입니다. 키워드는 '감사'과 '소통'를 기억하세요.
248,이번 주는 학업이나 자기계발에 집중하기 좋은 에너지입니다. 배움에 투자하세요.,이번 주 행운의 요일은 수요일입니다. 키워드는 '기회'과 '소통'를 기억하세요.
249,이번 주는 가족과의 시간이 큰 위안이 될 것입니다. 소중한 사람들과 함께하세요.,이번 주 행운의 요일은 월요일입니다. 키워드는 '도전'과 '휴식'를 기억하세요.
250,이번 주는 학업이나 자기계발에 집중하기 좋은 에너지입니다. 배움에 투자하세요.,이번 주 행운의 요일은 화요일입니다. 키워드는 '집중'과 '도전'를 기억하세요.
251,이번 주는 리더십을 발휘할 기회가 찾아올 수 있습니다. 자신감 있게 앞장서 보세요.,이번 주 행운의 요일은 일요일입니다. 키워드는 '변화'과 '기회'를 기억하세요.
252,이번 주는 가족과의 시간이 큰 위안이 될 것입니다. 소중한 사람들과 함께하세요.,이번 주 행운의 요일은 월요일입니다. 키워드는 '감사'과 '감사'를 기억하세요.
253,이번 주 중반부터 좋은 기운이 흘러들어옵니다. 수요일 이후 중요한 결정은 신중하게 하세요.,이번 주 행운의 요일은 수요일입니다. 키워드는 '변화'과 '변화'를 기억하세요.
254,이번 주는 재물운이 상승하는 흐름입니다. 작은 투자나 저축을 시작하기 좋은 시기입니다.,이번 주 행운의 요일은 일요일입니다. 키워드는 '소통'과 '성장'를 기억하세요.
255,이번 주는 직장이나 사업에서 좋은 평가를 받을 수 있는 흐름입니다. 최선을 다해보세요.,이번 주 행운의 요일은 금요일입니다. 키워드는 '변화'과 '배움'를 기억하세요.
256,이번 주는 건강 관리에 신경 써야 할 시기입니다. 충분한 휴식이 다음 주 도약의 발판이 됩니다.,이번 주 행운의 요일은 수요일입니다. 키워드는 '성장'과 '인내'를 기억하세요.
257,이번 주는 직장이나 사업에서 좋은 평가를 받을 수 있는 흐름입니다. 최선을 다해보세요.,이번 주 행운의 요일은 월요일입니다. 키워드는 '감사'과 '도전'를 기억하세요.
258,이번 주는 건강 관리에 신경 써야 할 시기입니다. 충분한 휴식이 다음 주 도약의 발판이 됩니다.,이번 주 행운의 요일은 금요일입니다. 키워드는 '성장'과 '인내'를 기억하세요.
259,이번 주는 학업이나 자기계발에 집중하기 좋은 에너지입니다. 배움에 투자하세요.,이번 주 행운의 요일은 금요일입니다. 키워드는 '소통'과 '소통'를 기억하세요.
260,이번 주 중반부터 좋은 기운이 흘러들어옵니다. 수요일 이후 중요한 결정은 신중하게 하세요.,이번 주 행운의 요일은 토요일입니다. 키워드는 '소통'과 '성장'를 기억하세요.
261,이번 주는 주변 환경의 변화가 긍정적인 영향을 줄 수 있습니다. 변화를 두려워하지 마세요.,이번 주 행운의 요일은 수요일입니다. 키워드는 '성장'과 '감사'를 기억하세요.
262,이번 주는 학업이나 자기계발에 집중하기 좋은 에너지입니다. 배움에 투자하세요.,이번 주 행운의 요일은 월요일입니다. 키워드는 '도전'과 '집중'를 기억하세요.
263,이번 주는 건강 관리에 신경 써야 할 시기입니다. 충분한 휴식이 다음 주 도약의 발판이 됩니다.,이번 주 행운의 요일은 월요일입니다. 키워드는 '휴식'과 '기회'를 기억하세요.
264,이번 주는 건강 관리에 신경 써야 할 시기입니다. 충분한 휴식이 다음 주 도약의 발판이 됩니다.,이번 주 행운의 요일은 금요일입니다. 키워드는 '감사'과 '기회'를 기억하세요.
265,이번 주는 인간관계에서 뜻밖의 도움을 받을 수 있습니다. 주변 사람들과의 소통을 늘려보세요.,이번 주 행운의 요일은 월요일입니다. 키워드는 '집중'과 '변화'를 기억하세요.
266,이번 주는 감정적으로 안정된 흐름입니다. 오래된 갈등이 자연스럽게 해소될 수 있습니다.,이번 주 행운의 요일은 목요일입니다. 키워드는 '성장'과 '인내'를 기억하세요.
267,이번 주는 학업이나 자기계발에 집중하기 좋은 에너지입니다. 배움에 투자하세요.,이번 주 행운의 요일은 목요일입니다. 키워드는 '인내'과 '배움'를 기억하세요.
268,이번 주는 주변 환경의 변화가 긍정적인 영향을 줄 수 있습니다. 변화를 두려워하지 마세요.,이번 주 행운의 요일은 화요일입니다. 키워드는 '소통'과 '인내'를 기억하세요.
269,이번 주는 주변 환경의 변화가 긍정적인 영향을 줄 수 있습니다. 변화를 두려워하지 마세요.,이번 주 행운의 요일은 토요일입니다. 키워드는 '변화'과 '배움'를 기억하세요.
270,이번 주는 직장이나 사업에서 좋은 평가를 받을 수 있는 흐름입니다. 최선을 다해보세요.,이번 주 행운의 요일은 화요일입니다. 키워드는 '휴식'과 '소통'를 기억하세요.
271,이번 주는 직장이나 사업에서 좋은 평가를 받을 수 있는 흐름입니다. 최선을 다해보세요.,이번 주 행운의 요일은 수요일입니다. 키워드는 '배움'과 '도전'를 기억하세요.
272,이번 주는 건강 관리에 신경 써야 할 시기입니다. 충분한 휴식이 다음 주 도약의 발판이 됩니다.,이번 주 행운의 요일은 일요일입니다. 키워드는 '감사'과 '배움'를 기억하세요.
273,이번 주는 창의적인 아이디어가 넘치는 한 주가 될 것입니다. 메모하는 습관을 들여보세요.,이번 주 행운의 요일은 화요일입니다. 키워드는 '배움'과 '변화'를 기억하세요.
274,이번 주는 감정적으로 안정된 흐름입니다. 오래된 갈등이 자연스럽게 해소될 수 있습니다.,이번 주 행운의 요일은 토요일입니다. 키워드는 '변화'과 '휴식'를 기억하세요.
275,이번 주는 가족과의 시간이 큰 위안이 될 것입니다. 소중한 사람들과 함께하세요.,이번 주 행운의 요일은 금요일입니다. 키워드는 '감사'과 '감사'를 기억하세요.
276,이번 주는 리더십을 발휘할 기회가 찾아올 수 있습니다. 자신감 있게 앞장서 보세요.,이번 주 행운의 요일은 금요일입니다. 키워드는 '인내'과 '휴식'를 기억하세요.
277,이번 주는 예상치 못한 좋은 소식이 들려올 수 있습니다. 열린 마음으로 기회를 맞이하세요.,이번 주 행운의 요일은 화요일입니다. 키워드는 '휴식'과 '도전'를 기억하세요.
278,이번 주는 예상치 못한 좋은 소식이 들려올 수 있습니다. 열린 마음으로 기회를 맞이하세요.,이번 주 행운의 요일은 일요일입니다. 키워드는 '집중'과 '휴식'를 기억하세요.
279,이번 주는 새로운 시작을 알리는 에너지가 강합니다. 월요일부터 적극적으로 움직이면 좋은 결과가 따라옵니다.,이번 주 행운의 요일은 토요일입니다. 키워드는 '기회'과 '집중'를 기억하세요.
280,이번 주는 재물운이 상승하는 흐름입니다. 작은 투자나 저축을 시작하기 좋은 시기입니다.,이번 주 행운의 요일은 금요일입니다. 키워드는 '휴식'과 '변화'를 기억하세요.
281,이번 주는 새로운 시작을 알리는 에너지가 강합니다. 월요일부터 적극적으로 움직이면 좋은 결과가 따라옵니다.,이번 주 행운의 요일은 화요일입니다. 키워드는 '감사'과 '인내'를 기억하세요.
282,이번 주는 창의적인 아이디어가 넘치는 한 주가 될 것입니다. 메모하는 습관을 들여보세요.,이번 주 행운의 요일은 일요일입니다. 키워드는 '기회'과 '인내'를 기억하세요.
283,이번 주는 리더십을 발휘할 기회가 찾아올 수 있습니다. 자신감 있게 앞장서 보세요.,이번 주 행운의 요일은 화요일입니다. 키워드는 '변화'과 '감사'를 기억하세요.
284,이번 주는 계획했던 일들이 순조롭게 진행될 흐름입니다. 꾸준함이 핵심입니다.,이번 주 행운의 요일은 금요일입니다. 키워드는 '변화'과 '기회'를 기억하세요.
285,이번 주 중반부터 좋은 기운이 흘러들어옵니다. 수요일 이후 중요한 결정은 신중하게 하세요.,이번 주 행운의 요일은 일요일입니다. 키워드는 '도전'과 '휴식'를 기억하세요.
286,이번 주 중반부터 좋은 기운이 흘러들어옵니다. 수요일 이후 중요한 결정은 신중하게 하세요.,이번 주 행운의 요일은 금요일입니다. 키워드는 '감사'과 '휴식'를 기억하세요.
287,이번 주 중반부터 좋은 기운이 흘러들어옵니다. 수요일 이후 중요한 결정은 신중하게 하세요.,이번 주 행운의 요일은 토요일입니다. 키워드는 '인내'과 '도전'를 기억하세요.
288,이번 주는 예상치 못한 좋은 소식이 들려올 수 있습니다. 열린 마음으로 기회를 맞이하세요.,이번 주 행운의 요일은 토요일입니다. 키워드는 '성장'과 '인내'를 기억하세요.
289,이번 주는 가족과의 시간이 큰 위안이 될 것입니다. 소중한 사람들과 함께하세요.,이번 주 행운의 요일은 금요일입니다. 키워드는 '휴식'과 '기회'를 기억하세요.
290,이번 주는 재물운이 상승하는 흐름입니다. 작은 투자나 저축을 시작하기 좋은 시기입니다.,이번 주 행운의 요일은 목요일입니다. 키워드는 '변화'과 '소통'를 기억하세요.
291,이번 주는 계획했던 일들이 순조롭게 진행될 흐름입니다. 꾸준함이 핵심입니다.,이번 주 행운의 요일은 수요일입니다. 키워드는 '감사'과 '성장'를 기억하세요.
292,이번 주는 가족과의 시간이 큰 위안이 될 것입니다. 소중한 사람들과 함께하세요.,이번 주 행운의 요일은 일요일입니다. 키워드는 '기회'과 '휴식'를 기억하세요.
293,이번 주는 새로운 만남이 기다리고 있습니다. 첫인상에 신경 써보세요.,이번 주 행운의 요일은 수요일입니다. 키워드는 '감사'과 '배움'를 기억하세요.
294,이번 주는 창의적인 아이디어가 넘치는 한 주가 될 것입니다. 메모하는 습관을 들여보세요.,이번 주 행운의 요일은 수요일입니다. 키워드는 '집중'과 '기회'를 기억하세요.
295,이번 주는 주변 환경의 변화가 긍정적인 영향을 줄 수 있습니다. 변화를 두려워하지 마세요.,이번 주 행운의 요일은 월요일입니다. 키워드는 '인내'과 '성장'를 기억하세요.
296,이번 주는 리더십을 발휘할 기회가 찾아올 수 있습니다. 자신감 있게 앞장서 보세요.,이번 주 행운의 요일은 월요일입니다. 키워드는 '휴식'과 '변화'를 기억하세요.
297,이번 주는 새로운 만남이 기다리고 있습니다. 첫인상에 신경 써보세요.,이번 주 행운의 요일은 일요일입니다. 키워드는 '변화'과 '감사'를 기억하세요.
298,이번 주는 재물운이 상승하는 흐름입니다. 작은 투자나 저축을 시작하기 좋은 시기입니다.,이번 주 행운의 요일은 수요일입니다. 키워드는 '성장'과 '인내'를 기억하세요.
299,이번 주는 건강 관리에 신경 써야 할 시기입니다. 충분한 휴식이 다음 주 도약의 발판이 됩니다.,이번 주 행운의 요일은 목요일입니다. 키워드는 '기회'과 '성장'를 기억하세요.
300,이번 주는 가족과의 시간이 큰 위안이 될 것입니다. 소중한 사람들과 함께하세요.,이번 주 행운의 요일은 화요일입니다. 키워드는 '휴식'과 '변화'를 기억하세요.
301,이번 주는 감정적으로 안정된 흐름입니다. 오래된 갈등이 자연스럽게 해소될 수 있습니다.,이번 주 행운의 요일은 월요일입니다. 키워드는 '휴식'과 '휴식'를 기억하세요.
302,이번 주는 새로운 만남이 기다리고 있습니다. 첫인상에 신경 써보세요.,이번 주 행운의 요일은 목요일입니다. 키워드는 '휴식'과 '인내'를 기억하세요.
303,이번 주는 가족과의 시간이 큰 위안이 될 것입니다. 소중한 사람들과 함께하세요.,이번 주 행운의 요일은 금요일입니다. 키워드는 '성장'과 '배움'를 기억하세요.
304,이번 주는 직장이나 사업에서 좋은 평가를 받을 수 있는 흐름입니다. 최선을 다해보세요.,이번 주 행운의 요일은 토요일입니다. 키워드는 '집중'과 '배움'를 기억하세요.
305,이번 주는 주변 환경의 변화가 긍정적인 영향을 줄 수 있습니다. 변화를 두려워하지 마세요.,이번 주 행운의 요일은 화요일입니다. 키워드는 '집중'과 '기회'를 기억하세요.
306,이번 주는 주변 환경의 변화가 긍정적인 영향을 줄 수 있습니다. 변화를 두려워하지 마세요.,이번 주 행운의 요일은 화요일입니다. 키워드는 '소통'과 '변화'를 기억하세요.
307,이번 주는 학업이나 자기계발에 집중하기 좋은 에너지입니다. 배움에 투자하세요.,이번 주 행운의 요일은 일요일입니다. 키워드는 '도전'과 '휴식'를 기억하세요.
308,이번 주는 가족과의 시간이 큰 위안이 될 것입니다. 소중한 사람들과 함께하세요.,이번 주 행운의 요일은 월요일입니다. 키워드는 '변화'과 '휴식'를 기억하세요.
309,이번 주는 새로운 시작을 알리는 에너지가 강합니다. 월요일부터 적극적으로 움직이면 좋은 결과가 따라옵니다.,이번 주 행운의 요일은 토요일입니다. 키워드는 '집중'과 '소통'를 기억하세요.
310,이번 주는 리더십을 발휘할 기회가 찾아올 수 있습니다. 자신감 있게 앞장서 보세요.,이번 주 행운의 요일은 금요일입니다. 키워드는 '도전'과 '배움'를 기억하세요.
311,이번 주는 인간관계에서 뜻밖의 도움을 받을 수 있습니다. 주변 사람들과의 소통을 늘려보세요.,이번 주 행운의 요일은 수요일입니다. 키워드는 '휴식'과 '도전'를 기억하세요.
312,이번 주는 계획했던 일들이 순조롭게 진행될 흐름입니다. 꾸준함이 핵심입니다.,이번 주 행운의 요일은 목요일입니다. 키워드는 '기회'과 '인내'를 기억하세요.
313,이번 주는 새로운 만남이 기다리고 있습니다. 첫인상에 신경 써보세요.,이번 주 행운의 요일은 수요일입니다. 키워드는 '휴식'과 '기회'를 기억하세요.
314,이번 주는 건강 관리에 신경 써야 할 시기입니다. 충분한 휴식이 다음 주 도약의 발판이 됩니다.,이번 주 행운의 요일은 목요일입니다. 키워드는 '집중'과 '성장'를 기억하세요.
315,이번 주는 계획했던 일들이 순조롭게 진행될 흐름입니다. 꾸준함이 핵심입니다.,이번 주 행운의 요일은 일요일입니다. 키워드는 '인내'과 '감사'를 기억하세요.
316,이번 주는 재물운이 상승하는 흐름입니다. 작은 투자나 저축을 시작하기 좋은 시기입니다.,이번 주 행운의 요일은 화요일입니다. 키워드는 '기회'과 '휴식'를 기억하세요.
317,이번 주는 리더십을 발휘할 기회가 찾아올 수 있습니다. 자신감 있게 앞장서 보세요.,이번 주 행운의 요일은 금요일입니다. 키워드는 '도전'과 '도전'를 기억하세요.
318,이번 주는 주변 환경의 변화가 긍정적인 영향을 줄 수 있습니다. 변화를 두려워하지 마세요.,이번 주 행운의 요일은 목요일입니다. 키워드는 '감사'과 '기회'를 기억하세요.
319,이번 주는 인간관계에서 뜻밖의 도움을 받을 수 있습니다. 주변 사람들과의 소통을 늘려보세요.,이번 주 행운의 요일은 화요일입니다. 키워드는 '감사'과 '변화'를 기억하세요.
320,이번 주는 창의적인 아이디어가 넘치는 한 주가 될 것입니다. 메모하는 습관을 들여보세요.,이번 주 행운의 요일은 목요일입니다. 키워드는 '배움'과 '기회'를 기억하세요.
321,이번 주는 감정적으로 안정된 흐름입니다. 오래된 갈등이 자연스럽게 해소될 수 있습니다.,이번 주 행운의 요일은 일요일입니다. 키워드는 '도전'과 '감사'를 기억하세요.
322,이번 주는 새로운 시작을 알리는 에너지가 강합니다. 월요일부터 적극적으로 움직이면 좋은 결과가 따라옵니다.,이번 주 행운의 요일은 화요일입니다. 키워드는 '배움'과 '휴식'를 기억하세요.
323,이번 주는 주변 환경의 변화가 긍정적인 영향을 줄 수 있습니다. 변화를 두려워하지 마세요.,이번 주 행운의 요일은 수요일입니다. 키워드는 '인내'과 '감사'를 기억하세요.
324,이번 주는 인간관계에서 뜻밖의 도움을 받을 수 있습니다. 주변 사람들과의 소통을 늘려보세요.,이번 주 행운의 요일은 목요일입니다. 키워드는 '변화'과 '도전'를 기억하세요.
325,이번 주는 감정적으로 안정된 흐름입니다. 오래된 갈등이 자연스럽게 해소될 수 있습니다.,이번 주 행운의 요일은 목요일입니다. 키워드는 '배움'과 '변화'를 기억하세요.
326,이번 주는 가족과의 시간이 큰 위안이 될 것입니다. 소중한 사람들과 함께하세요.,이번 주 행운의 요일은 일요일입니다. 키워드는 '기회'과 '성장'를 기억하세요.
327,이번 주는 건강 관리에 신경 써야 할 시기입니다. 충분한 휴식이 다음 주 도약의 발판이 됩니다.,이번 주 행운의 요일은 토요일입니다. 키워드는 '휴식'과 '성장'를 기억하세요.
328,이번 주는 예상치 못한 좋은 소식이 들려올 수 있습니다. 열린 마음으로 기회를 맞이하세요.,이번 주 행운의 요일은 수요일입니다. 키워드는 '휴식'과 '휴식'를 기억하세요.
329,이번 주는 학업이나 자기계발에 집중하기 좋은 에너지입니다. 배움에 투자하세요.,이번 주 행운의 요일은 토요일입니다. 키워드는 '성장'과 '기회'를 기억하세요.
330,이번 주는 예상치 못한 좋은 소식이 들려올 수 있습니다. 열린 마음으로 기회를 맞이하세요.,이번 주 행운의 요일은 일요일입니다. 키워드는 '도전'과 '집중'를 기억하세요.
331,이번 주는 계획했던 일들이 순조롭게 진행될 흐름입니다. 꾸준함이 핵심입니다.,이번 주 행운의 요일은 금요일입니다. 키워드는 '집중'과 '감사'를 기억하세요.
332,이번 주는 인간관계에서 뜻밖의 도움을 받을 수 있습니다. 주변 사람들과의 소통을 늘려보세요.,이번 주 행운의 요일은 수요일입니다. 키워드는 '기회'과 '배움'를 기억하세요.
333,이번 주는 인간관계에서 뜻밖의 도움을 받을 수 있습니다. 주변 사람들과의 소통을 늘려보세요.,이번 주 행운의 요일은 금요일입니다. 키워드는 '감사'과 '소통'를 기억하세요.
334,이번 주는 예상치 못한 좋은 소식이 들려올 수 있습니다. 열린 마음으로 기회를 맞이하세요.,이번 주 행운의 요일은 수요일입니다. 키워드는 '감사'과 '휴식'를 기억하세요.
335,이번 주 중반부터 좋은 기운이 흘러들어옵니다. 수요일 이후 중요한 결정은 신중하게 하세요.,이번 주 행운의 요일은 일요일입니다. 키워드는 '인내'과 '휴식'를 기억하세요.
336,이번 주는 인간관계에서 뜻밖의 도움을 받을 수 있습니다. 주변 사람들과의 소통을 늘려보세요.,이번 주 행운의 요일은 토요일입니다. 키워드는 '인내'과 '기회'를 기억하세요.
337,이번 주는 리더십을 발휘할 기회가 찾아올 수 있습니다. 자신감 있게 앞장서 보세요.,이번 주 행운의 요일은 목요일입니다. 키워드는 '성장'과 '휴식'를 기억하세요.
338,이번 주는 새로운 시작을 알리는 에너지가 강합니다. 월요일부터 적극적으로 움직이면 좋은 결과가 따라옵니다.,이번 주 행운의 요일은 화요일입니다. 키워드는 '기회'과 '집중'를 기억하세요.
339,이번 주는 새로운 시작을 알리는 에너지가 강합니다. 월요일부터 적극적으로 움직이면 좋은 결과가 따라옵니다.,이번 주 행운의 요일은 일요일입니다. 키워드는 '변화'과 '배움'를 기억하세요.
340,이번 주는 학업이나 자기계발에 집중하기 좋은 에너지입니다. 배움에 투자하세요.,이번 주 행운의 요일은 금요일입니다. 키워드는 '인내'과 '배움'를 기억하세요.
341,이번 주는 새로운 만남이 기다리고 있습니다. 첫인상에 신경 써보세요.,이번 주 행운의 요일은 화요일입니다. 키워드는 '감사'과 '감사'를 기억하세요.
342,이번 주는 새로운 만남이 기다리고 있습니다. 첫인상에 신경 써보세요.,이번 주 행운의 요일은 수요일입니다. 키워드는 '감사'과 '성장'를 기억하세요.
343,이번 주는 건강 관리에 신경 써야 할 시기입니다. 충분한 휴식이 다음 주 도약의 발판이 됩니다.,이번 주 행운의 요일은 일요일입니다. 키워드는 '도전'과 '기회'를 기억하세요.
344,이번 주 중반부터 좋은 기운이 흘러들어옵니다. 수요일 이후 중요한 결정은 신중하게 하세요.,이번 주 행운의 요일은 토요일입니다. 키워드는 '변화'과 '휴식'를 기억하세요.
345,이번 주는 인간관계에서 뜻밖의 도움을 받을 수 있습니다. 주변 사람들과의 소통을 늘려보세요.,이번 주 행운의 요일은 일요일입니다. 키워드는 '기회'과 '집중'를 기억하세요.
346,이번 주는 인간관계에서 뜻밖의 도움을 받을 수 있습니다. 주변 사람들과의 소통을 늘려보세요.,이번 주 행운의 요일은 월요일입니다. 키워드는 '집중'과 '도전'를 기억하세요.
347,이번 주는 계획했던 일들이 순조롭게 진행될 흐름입니다. 꾸준함이 핵심입니다.,이번 주 행운의 요일은 토요일입니다. 키워드는 '변화'과 '기회'를 기억하세요.
348,이번 주는 가족과의 시간이 큰 위안이 될 것입니다. 소중한 사람들과 함께하세요.,이번 주 행운의 요일은 월요일입니다. 키워드는 '집중'과 '인내'를 기억하세요.
349,이번 주는 직장이나 사업에서 좋은 평가를 받을 수 있는 흐름입니다. 최선을 다해보세요.,이번 주 행운의 요일은 일요일입니다. 키워드는 '변화'과 '소통'를 기억하세요.
350,이번 주는 리더십을 발휘할 기회가 찾아올 수 있습니다. 자신감 있게 앞장서 보세요.,이번 주 행운의 요일은 금요일입니다. 키워드는 '인내'과 '도전'를 기억하세요.
351,이번 주는 직장이나 사업에서 좋은 평가를 받을 수 있는 흐름입니다. 최선을 다해보세요.,이번 주 행운의 요일은 월요일입니다. 키워드는 '감사'과 '성장'를 기억하세요.
352,이번 주는 인간관계에서 뜻밖의 도움을 받을 수 있습니다. 주변 사람들과의 소통을 늘려보세요.,이번 주 행운의 요일은 목요일입니다. 키워드는 '변화'과 '성장'를 기억하세요.
353,이번 주는 재물운이 상승하는 흐름입니다. 작은 투자나 저축을 시작하기 좋은 시기입니다.,이번 주 행운의 요일은 화요일입니다. 키워드는 '성장'과 '기회'를 기억하세요.
354,이번 주는 감정적으로 안정된 흐름입니다. 오래된 갈등이 자연스럽게 해소될 수 있습니다.,이번 주 행운의 요일은 화요일입니다. 키워드는 '배움'과 '휴식'를 기억하세요.
355,이번 주는 재물운이 상승하는 흐름입니다. 작은 투자나 저축을 시작하기 좋은 시기입니다.,이번 주 행운의 요일은 수요일입니다. 키워드는 '변화'과 '휴식'를 기억하세요.
356,이번 주는 건강 관리에 신경 써야 할 시기입니다. 충분한 휴식이 다음 주 도약의 발판이 됩니다.,이번 주 행운의 요일은 화요일입니다. 키워드는 '인내'과 '소통'를 기억하세요.
357,이번 주는 계획했던 일들이 순조롭게 진행될 흐름입니다. 꾸준함이 핵심입니다.,이번 주 행운의 요일은 월요일입니다. 키워드는 '기회'과 '배움'를 기억하세요.
358,이번 주는 예상치 못한 좋은 소식이 들려올 수 있습니다. 열린 마음으로 기회를 맞이하세요.,이번 주 행운의 요일은 토요일입니다. 키워드는 '기회'과 '집중'를 기억하세요.
359,이번 주는 주변 환경의 변화가 긍정적인 영향을 줄 수 있습니다. 변화를 두려워하지 마세요.,이번 주 행운의 요일은 토요일입니다. 키워드는 '집중'과 '변화'를 기억하세요.
360,이번 주는 주변 환경의 변화가 긍정적인 영향을 줄 수 있습니다. 변화를 두려워하지 마세요.,이번 주 행운의 요일은 토요일입니다. 키워드는 '성장'과 '배움'를 기억하세요.
361,이번 주는 인간관계에서 뜻밖의 도움을 받을 수 있습니다. 주변 사람들과의 소통을 늘려보세요.,이번 주 행운의 요일은 목요일입니다. 키워드는 '도전'과 '성장'를 기억하세요.
362,이번 주는 학업이나 자기계발에 집중하기 좋은 에너지입니다. 배움에 투자하세요.,이번 주 행운의 요일은 목요일입니다. 키워드는 '소통'과 '집중'를 기억하세요.
363,이번 주는 새로운 만남이 기다리고 있습니다. 첫인상에 신경 써보세요.,이번 주 행운의 요일은 일요일입니다. 키워드는 '기회'과 '배움'를 기억하세요.
364,이번 주는 리더십을 발휘할 기회가 찾아올 수 있습니다. 자신감 있게 앞장서 보세요.,이번 주 행운의 요일은 금요일입니다. 키워드는 '휴식'과 '휴식'를 기억하세요.
365,이번 주는 새로운 시작을 알리는 에너지가 강합니다. 월요일부터 적극적으로 움직이면 좋은 결과가 따라옵니다.,이번 주 행운의 요일은 금요일입니다. 키워드는 '인내'과 '휴식'를 기억하세요.
366,이번 주는 새로운 만남이 기다리고 있습니다. 첫인상에 신경 써보세요.,이번 주 행운의 요일은 목요일입니다. 키워드는 '도전'과 '감사'를 기억하세요.
367,이번 주는 계획했던 일들이 순조롭게 진행될 흐름입니다. 꾸준함이 핵심입니다.,이번 주 행운의 요일은 토요일입니다. 키워드는 '성장'과 '감사'를 기억하세요.
368,이번 주는 인간관계에서 뜻밖의 도움을 받을 수 있습니다. 주변 사람들과의 소통을 늘려보세요.,이번 주 행운의 요일은 금요일입니다. 키워드는 '성장'과 '인내'를 기억하세요.
369,이번 주는 계획했던 일들이 순조롭게 진행될 흐름입니다. 꾸준함이 핵심입니다.,이번 주 행운의 요일은 화요일입니다. 키워드는 '배움'과 '소통'를 기억하세요.
370,이번 주는 예상치 못한 좋은 소식이 들려올 수 있습니다. 열린 마음으로 기회를 맞이하세요.,이번 주 행운의 요일은 토요일입니다. 키워드는 '인내'과 '변화'를 기억하세요.
371,이번 주는 주변 환경의 변화가 긍정적인 영향을 줄 수 있습니다. 변화를 두려워하지 마세요.,이번 주 행운의 요일은 월요일입니다. 키워드는 '성장'과 '배움'를 기억하세요.
372,이번 주는 가족과의 시간이 큰 위안이 될 것입니다. 소중한 사람들과 함께하세요.,이번 주 행운의 요일은 수요일입니다. 키워드는 '인내'과 '도전'를 기억하세요.
373,이번 주는 창의적인 아이디어가 넘치는 한 주가 될 것입니다. 메모하는 습관을 들여보세요.,이번 주 행운의 요일은 수요일입니다. 키워드는 '집중'과 '휴식'를 기억하세요.
374,이번 주는 주변 환경의 변화가 긍정적인 영향을 줄 수 있습니다. 변화를 두려워하지 마세요.,이번 주 행운의 요일은 금요일입니다. 키워드는 '배움'과 '도전'를 기억하세요.
375,이번 주는 재물운이 상승하는 흐름입니다. 작은 투자나 저축을 시작하기 좋은 시기입니다.,이번 주 행운의 요일은 토요일입니다. 키워드는 '소통'과 '성장'를 기억하세요.
376,이번 주는 가족과의 시간이 큰 위안이 될 것입니다. 소중한 사람들과 함께하세요.,이번 주 행운의 요일은 일요일입니다. 키워드는 '변화'과 '기회'를 기억하세요.
377,이번 주는 직장이나 사업에서 좋은 평가를 받을 수 있는 흐름입니다. 최선을 다해보세요.,이번 주 행운의 요일은 일요일입니다. 키워드는 '집중'과 '배움'를 기억하세요.
378,이번 주는 재물운이 상승하는 흐름입니다. 작은 투자나 저축을 시작하기 좋은 시기입니다.,이번 주 행운의 요일은 화요일입니다. 키워드는 '집중'과 '변화'를 기억하세요.
379,이번 주는 직장이나 사업에서 좋은 평가를 받을 수 있는 흐름입니다. 최선을 다해보세요.,이번 주 행운의 요일은 수요일입니다. 키워드는 '변화'과 '변화'를 기억하세요.
380,이번 주는 재물운이 상승하는 흐름입니다. 작은 투자나 저축을 시작하기 좋은 시기입니다.,이번 주 행운의 요일은 일요일입니다. 키워드는 '기회'과 '성장'를 기억하세요.
381,이번 주는 직장이나 사업에서 좋은 평가를 받을 수 있는 흐름입니다. 최선을 다해보세요.,이번 주 행운의 요일은 토요일입니다. 키워드는 '집중'과 '휴식'를 기억하세요.
382,이번 주는 창의적인 아이디어가 넘치는 한 주가 될 것입니다. 메모하는 습관을 들여보세요.,이번 주 행운의 요일은 금요일입니다. 키워드는 '인내'과 '휴식'를 기억하세요.
383,이번 주는 가족과의 시간이 큰 위안이 될 것입니다. 소중한 사람들과 함께하세요.,이번 주 행운의 요일은 월요일입니다. 키워드는 '배움'과 '도전'를 기억하세요.
384,이번 주는 감정적으로 안정된 흐름입니다. 오래된 갈등이 자연스럽게 해소될 수 있습니다.,이번 주 행운의 요일은 일요일입니다. 키워드는 '기회'과 '기회'를 기억하세요.
385,이번 주는 감정적으로 안정된 흐름입니다. 오래된 갈등이 자연스럽게 해소될 수 있습니다.,이번 주 행운의 요일은 수요일입니다. 키워드는 '기회'과 '성장'를 기억하세요.
386,이번 주는 새로운 만남이 기다리고 있습니다. 첫인상에 신경 써보세요.,이번 주 행운의 요일은 월요일입니다. 키워드는 '도전'과 '기회'를 기억하세요.
387,이번 주는 리더십을 발휘할 기회가 찾아올 수 있습니다. 자신감 있게 앞장서 보세요.,이번 주 행운의 요일은 화요일입니다. 키워드는 '감사'과 '인내'를 기억하세요.
388,이번 주는 재물운이 상승하는 흐름입니다. 작은 투자나 저축을 시작하기 좋은 시기입니다.,이번 주 행운의 요일은 월요일입니다. 키워드는 '기회'과 '인내'를 기억하세요.
389,이번 주는 감정적으로 안정된 흐름입니다. 오래된 갈등이 자연스럽게 해소될 수 있습니다.,이번 주 행운의 요일은 토요일입니다. 키워드는 '도전'과 '휴식'를 기억하세요.
390,이번 주는 재물운이 상승하는 흐름입니다. 작은 투자나 저축을 시작하기 좋은 시기입니다.,이번 주 행운의 요일은 수요일입니다. 키워드는 '집중'과 '변화'를 기억하세요.
391,이번 주는 창의적인 아이디어가 넘치는 한 주가 될 것입니다. 메모하는 습관을 들여보세요.,이번 주 행운의 요일은 월요일입니다. 키워드는 '배움'과 '기회'를 기억하세요.
392,이번 주는 건강 관리에 신경 써야 할 시기입니다. 충분한 휴식이 다음 주 도약의 발판이 됩니다.,이번 주 행운의 요일은 일요일입니다. 키워드는 '소통'과 '인내'를 기억하세요.
393,이번 주는 직장이나 사업에서 좋은 평가를 받을 수 있는 흐름입니다. 최선을 다해보세요.,이번 주 행운의 요일은 목요일입니다. 키워드는 '기회'과 '기회'를 기억하세요.
394,이번 주는 인간관계에서 뜻밖의 도움을 받을 수 있습니다. 주변 사람들과의 소통을 늘려보세요.,이번 주 행운의 요일은 수요일입니다. 키워드는 '인내'과 '인내'를 기억하세요.
395,이번 주는 학업이나 자기계발에 집중하기 좋은 에너지입니다. 배움에 투자하세요.,이번 주 행운의 요일은 금요일입니다. 키워드는 '배움'과 '배움'를 기억하세요.
396,이번 주는 가족과의 시간이 큰 위안이 될 것입니다. 소중한 사람들과 함께하세요.,이번 주 행운의 요일은 일요일입니다. 키워드는 '배움'과 '변화'를 기억하세요.
397,이번 주는 새로운 만남이 기다리고 있습니다. 첫인상에 신경 써보세요.,이번 주 행운의 요일은 화요일입니다. 키워드는 '인내'과 '감사'를 기억하세요.
398,이번 주는 새로운 만남이 기다리고 있습니다. 첫인상에 신경 써보세요.,이번 주 행운의 요일은 수요일입니다. 키워드는 '배움'과 '집중'를 기억하세요.
399,이번 주는 새로운 만남이 기다리고 있습니다. 첫인상에 신경 써보세요.,이번 주 행운의 요일은 일요일입니다. 키워드는 '성장'과 '감사'를 기억하세요.
400,이번 주 중반부터 좋은 기운이 흘러들어옵니다. 수요일 이후 중요한 결정은 신중하게 하세요.,이번 주 행운의 요일은 토요일입니다. 키워드는 '휴식'과 '휴식'를 기억하세요.
401,이번 주는 인간관계에서 뜻밖의 도움을 받을 수 있습니다. 주변 사람들과의 소통을 늘려보세요.,이번 주 행운의 요일은 월요일입니다. 키워드는 '휴식'과 '소통'를 기억하세요.
402,이번 주는 건강 관리에 신경 써야 할 시기입니다. 충분한 휴식이 다음 주 도약의 발판이 됩니다.,이번 주 행운의 요일은 화요일입니다. 키워드는 '집중'과 '변화'를 기억하세요.
403,이번 주는 학업이나 자기계발에 집중하기 좋은 에너지입니다. 배움에 투자하세요.,이번 주 행운의 요일은 목요일입니다. 키워드는 '성장'과 '변화'를 기억하세요.
404,이번 주는 주변 환경의 변화가 긍정적인 영향을 줄 수 있습니다. 변화를 두려워하지 마세요.,이번 주 행운의 요일은 수요일입니다. 키워드는 '배움'과 '도전'를 기억하세요.
405,이번 주는 학업이나 자기계발에 집중하기 좋은 에너지입니다. 배움에 투자하세요.,이번 주 행운의 요일은 목요일입니다. 키워드는 '인내'과 '기회'를 기억하세요.
406,이번 주는 예상치 못한 좋은 소식이 들려올 수 있습니다. 열린 마음으로 기회를 맞이하세요.,이번 주 행운의 요일은 토요일입니다. 키워드는 '배움'과 '소통'를 기억하세요.
407,이번 주 중반부터 좋은 기운이 흘러들어옵니다. 수요일 이후 중요한 결정은 신중하게 하세요.,이번 주 행운의 요일은 일요일입니다. 키워드는 '집중'과 '배움'를 기억하세요.
408,이번 주는 직장이나 사업에서 좋은 평가를 받을 수 있는 흐름입니다. 최선을 다해보세요.,이번 주 행운의 요일은 일요일입니다. 키워드는 '집중'과 '소통'를 기억하세요.
409,이번 주는 재물운이 상승하는 흐름입니다. 작은 투자나 저축을 시작하기 좋은 시기입니다.,이번 주 행운의 요일은 월요일입니다. 키워드는 '기회'과 '도전'를 기억하세요.
410,이번 주는 리더십을 발휘할 기회가 찾아올 수 있습니다. 자신감 있게 앞장서 보세요.,이번 주 행운의 요일은 토요일입니다. 키워드는 '배움'과 '집중'를 기억하세요.
411,이번 주는 직장이나 사업에서 좋은 평가를 받을 수 있는 흐름입니다. 최선을 다해보세요.,이번 주 행운의 요일은 수요일입니다. 키워드는 '감사'과 '휴식'를 기억하세요.
412,이번 주는 재물운이 상승하는 흐름입니다. 작은 투자나 저축을 시작하기 좋은 시기입니다.,이번 주 행운의 요일은 목요일입니다. 키워드는 '집중'과 '변화'를 기억하세요.
413,이번 주는 계획했던 일들이 순조롭게 진행될 흐름입니다. 꾸준함이 핵심입니다.,이번 주 행운의 요일은 화요일입니다. 키워드는 '인내'과 '변화'를 기억하세요.
414,이번 주는 주변 환경의 변화가 긍정적인 영향을 줄 수 있습니다. 변화를 두려워하지 마세요.,이번 주 행운의 요일은 일요일입니다. 키워드는 '변화'과 '변화'를 기억하세요.
415,이번 주 중반부터 좋은 기운이 흘러들어옵니다. 수요일 이후 중요한 결정은 신중하게 하세요.,이번 주 행운의 요일은 토요일입니다. 키워드는 '집중'과 '집중'를 기억하세요.
416,이번 주는 건강 관리에 신경 써야 할 시기입니다. 충분한 휴식이 다음 주 도약의 발판이 됩니다.,이번 주 행운의 요일은 목요일입니다. 키워드는 '기회'과 '인내'를 기억하세요.
417,이번 주는 인간관계에서 뜻밖의 도움을 받을 수 있습니다. 주변 사람들과의 소통을 늘려보세요.,이번 주 행운의 요일은 화요일입니다. 키워드는 '휴식'과 '변화'를 기억하세요.
418,이번 주는 감정적으로 안정된 흐름입니다. 오래된 갈등이 자연스럽게 해소될 수 있습니다.,이번 주 행운의 요일은 화요일입니다. 키워드는 '기회'과 '도전'를 기억하세요.
419,이번 주는 리더십을 발휘할 기회가 찾아올 수 있습니다. 자신감 있게 앞장서 보세요.,이번 주 행운의 요일은 금요일입니다. 키워드는 '배움'과 '소통'를 기억하세요.
420,이번 주는 예상치 못한 좋은 소식이 들려올 수 있습니다. 열린 마음으로 기회를 맞이하세요.,이번 주 행운의 요일은 화요일입니다. 키워드는 '소통'과 '집중'를 기억하세요.
421,이번 주는 계획했던 일들이 순조롭게 진행될 흐름입니다. 꾸준함이 핵심입니다.,이번 주 행운의 요일은 화요일입니다. 키워드는 '인내'과 '변화'를 기억하세요.
422,이번 주 중반부터 좋은 기운이 흘러들어옵니다. 수요일 이후 중요한 결정은 신중하게 하세요.,이번 주 행운의 요일은 수요일입니다. 키워드는 '기회'과 '배움'를 기억하세요.
423,이번 주는 주변 환경의 변화가 긍정적인 영향을 줄 수 있습니다. 변화를 두려워하지 마세요.,이번 주 행운의 요일은 목요일입니다. 키워드는 '감사'과 '변화'를 기억하세요.
424,이번 주는 가족과의 시간이 큰 위안이 될 것입니다. 소중한 사람들과 함께하세요.,이번 주 행운의 요일은 월요일입니다. 키워드는 '성장'과 '배움'를 기억하세요.
425,이번 주는 학업이나 자기계발에 집중하기 좋은 에너지입니다. 배움에 투자하세요.,이번 주 행운의 요일은 토요일입니다. 키워드는 '소통'과 '집중'를 기억하세요.
426,이번 주는 인간관계에서 뜻밖의 도움을 받을 수 있습니다. 주변 사람들과의 소통을 늘려보세요.,이번 주 행운의 요일은 수요일입니다. 키워드는 '감사'과 '소통'를 기억하세요.
427,이번 주는 학업이나 자기계발에 집중하기 좋은 에너지입니다. 배움에 투자하세요.,이번 주 행운의 요일은 목요일입니다. 키워드는 '도전'과 '도전'를 기억하세요.
428,이번 주는 예상치 못한 좋은 소식이 들려올 수 있습니다. 열린 마음으로 기회를 맞이하세요.,이번 주 행운의 요일은 목요일입니다. 키워드는 '도전'과 '휴식'를 기억하세요.
429,이번 주는 건강 관리에 신경 써야 할 시기입니다. 충분한 휴식이 다음 주 도약의 발판이 됩니다.,이번 주 행운의 요일은 금요일입니다. 키워드는 '집중'과 '집중'를 기억하세요.
430,이번 주 중반부터 좋은 기운이 흘러들어옵니다. 수요일 이후 중요한 결정은 신중하게 하세요.,이번 주 행운의 요일은 목요일입니다. 키워드는 '집중'과 '집중'를 기억하세요.
431,이번 주는 감정적으로 안정된 흐름입니다. 오래된 갈등이 자연스럽게 해소될 수 있습니다.,이번 주 행운의 요일은 수요일입니다. 키워드는 '도전'과 '감사'를 기억하세요.
432,이번 주는 예상치 못한 좋은 소식이 들려올 수 있습니다. 열린 마음으로 기회를 맞이하세요.,이번 주 행운의 요일은 일요일입니다. 키워드는 '소통'과 '인내'를 기억하세요.
433,이번 주는 리더십을 발휘할 기회가 찾아올 수 있습니다. 자신감 있게 앞장서 보세요.,이번 주 행운의 요일은 일요일입니다. 키워드는 '기회'과 '배움'를 기억하세요.
434,이번 주는 감정적으로 안정된 흐름입니다. 오래된 갈등이 자연스럽게 해소될 수 있습니다.,이번 주 행운의 요일은 목요일입니다. 키워드는 '기회'과 '기회'를 기억하세요.
435,이번 주는 직장이나 사업에서 좋은 평가를 받을 수 있는 흐름입니다. 최선을 다해보세요.,이번 주 행운의 요일은 금요일입니다. 키워드는 '기회'과 '변화'를 기억하세요.
436,이번 주는 예상치 못한 좋은 소식이 들려올 수 있습니다. 열린 마음으로 기회를 맞이하세요.,이번 주 행운의 요일은 금요일입니다. 키워드는 '기회'과 '성장'를 기억하세요.
437,이번 주는 계획했던 일들이 순조롭게 진행될 흐름입니다. 꾸준함이 핵심입니다.,이번 주 행운의 요일은 금요일입니다. 키워드는 '도전'과 '집중'를 기억하세요.
438,이번 주는 감정적으로 안정된 흐름입니다. 오래된 갈등이 자연스럽게 해소될 수 있습니다.,이번 주 행운의 요일은 토요일입니다. 키워드는 '배움'과 '변화'를 기억하세요.
439,이번 주는 직장이나 사업에서 좋은 평가를 받을 수 있는 흐름입니다. 최선을 다해보세요.,이번 주 행운의 요일은 화요일입니다. 키워드는 '기회'과 '소통'를 기억하세요.
440,이번 주 중반부터 좋은 기운이 흘러들어옵니다. 수요일 이후 중요한 결정은 신중하게 하세요.,이번 주 행운의 요일은 일요일입니다. 키워드는 '소통'과 '인내'를 기억하세요.
441,이번 주는 직장이나 사업에서 좋은 평가를 받을 수 있는 흐름입니다. 최선을 다해보세요.,이번 주 행운의 요일은 토요일입니다. 키워드는 '집중'과 '기회'를 기억하세요.
442,이번 주는 직장이나 사업에서 좋은 평가를 받을 수 있는 흐름입니다. 최선을 다해보세요.,이번 주 행운의 요일은 금요일입니다. 키워드는 '소통'과 '집중'를 기억하세요.
443,이번 주는 예상치 못한 좋은 소식이 들려올 수 있습니다. 열린 마음으로 기회를 맞이하세요.,이번 주 행운의 요일은 월요일입니다. 키워드는 '성장'과 '소통'를 기억하세요.
444,이번 주는 예상치 못한 좋은 소식이 들려올 수 있습니다. 열린 마음으로 기회를 맞이하세요.,이번 주 행운의 요일은 수요일입니다. 키워드는 '소통'과 '휴식'를 기억하세요.
445,이번 주는 창의적인 아이디어가 넘치는 한 주가 될 것입니다. 메모하는 습관을 들여보세요.,이번 주 행운의 요일은 금요일입니다. 키워드는 '집중'과 '성장'를 기억하세요.
446,이번 주는 계획했던 일들이 순조롭게 진행될 흐름입니다. 꾸준함이 핵심입니다.,이번 주 행운의 요일은 월요일입니다. 키워드는 '도전'과 '성장'를 기억하세요.
447,이번 주는 리더십을 발휘할 기회가 찾아올 수 있습니다. 자신감 있게 앞장서 보세요.,이번 주 행운의 요일은 화요일입니다. 키워드는 '인내'과 '기회'를 기억하세요.
448,이번 주는 새로운 만남이 기다리고 있습니다. 첫인상에 신경 써보세요.,이번 주 행운의 요일은 월요일입니다. 키워드는 '도전'과 '기회'를 기억하세요.
449,이번 주는 직장이나 사업에서 좋은 평가를 받을 수 있는 흐름입니다. 최선을 다해보세요.,이번 주 행운의 요일은 월요일입니다. 키워드는 '소통'과 '감사'를 기억하세요.
450,이번 주는 인간관계에서 뜻밖의 도움을 받을 수 있습니다. 주변 사람들과의 소통을 늘려보세요.,이번 주 행운의 요일은 월요일입니다. 키워드는 '배움'과 '휴식'를 기억하세요.
451,이번 주는 새로운 시작을 알리는 에너지가 강합니다. 월요일부터 적극적으로 움직이면 좋은 결과가 따라옵니다.,이번 주 행운의 요일은 수요일입니다. 키워드는 '소통'과 '집중'를 기억하세요.
452,이번 주는 인간관계에서 뜻밖의 도움을 받을 수 있습니다. 주변 사람들과의 소통을 늘려보세요.,이번 주 행운의 요일은 목요일입니다. 키워드는 '집중'과 '소통'를 기억하세요.
453,이번 주는 계획했던 일들이 순조롭게 진행될 흐름입니다. 꾸준함이 핵심입니다.,이번 주 행운의 요일은 금요일입니다. 키워드는 '인내'과 '소통'를 기억하세요.
454,이번 주는 가족과의 시간이 큰 위안이 될 것입니다. 소중한 사람들과 함께하세요.,이번 주 행운의 요일은 일요일입니다. 키워드는 '휴식'과 '성장'를 기억하세요.
455,이번 주 중반부터 좋은 기운이 흘러들어옵니다. 수요일 이후 중요한 결정은 신중하게 하세요.,이번 주 행운의 요일은 일요일입니다. 키워드는 '변화'과 '기회'를 기억하세요.
456,이번 주 중반부터 좋은 기운이 흘러들어옵니다. 수요일 이후 중요한 결정은 신중하게 하세요.,이번 주 행운의 요일은 일요일입니다. 키워드는 '배움'과 '성장'를 기억하세요.
457,이번 주는 직장이나 사업에서 좋은 평가를 받을 수 있는 흐름입니다. 최선을 다해보세요.,이번 주 행운의 요일은 화요일입니다. 키워드는 '집중'과 '감사'를 기억하세요.
458,이번 주는 가족과의 시간이 큰 위안이 될 것입니다. 소중한 사람들과 함께하세요.,이번 주 행운의 요일은 수요일입니다. 키워드는 '소통'과 '인내'를 기억하세요.
459,이번 주는 감정적으로 안정된 흐름입니다. 오래된 갈등이 자연스럽게 해소될 수 있습니다.,이번 주 행운의 요일은 토요일입니다. 키워드는 '휴식'과 '기회'를 기억하세요.
460,이번 주는 학업이나 자기계발에 집중하기 좋은 에너지입니다. 배움에 투자하세요.,이번 주 행운의 요일은 월요일입니다. 키워드는 '기회'과 '도전'를 기억하세요.
461,이번 주는 리더십을 발휘할 기회가 찾아올 수 있습니다. 자신감 있게 앞장서 보세요.,이번 주 행운의 요일은 월요일입니다. 키워드는 '인내'과 '성장'를 기억하세요.
462,이번 주는 재물운이 상승하는 흐름입니다. 작은 투자나 저축을 시작하기 좋은 시기입니다.,이번 주 행운의 요일은 목요일입니다. 키워드는 '소통'과 '소통'를 기억하세요.
463,이번 주는 감정적으로 안정된 흐름입니다. 오래된 갈등이 자연스럽게 해소될 수 있습니다.,이번 주 행운의 요일은 월요일입니다. 키워드는 '집중'과 '휴식'를 기억하세요.
464,이번 주는 건강 관리에 신경 써야 할 시기입니다. 충분한 휴식이 다음 주 도약의 발판이 됩니다.,이번 주 행운의 요일은 토요일입니다. 키워드는 '변화'과 '도전'를 기억하세요.
465,이번 주는 리더십을 발휘할 기회가 찾아올 수 있습니다. 자신감 있게 앞장서 보세요.,이번 주 행운의 요일은 일요일입니다. 키워드는 '기회'과 '변화'를 기억하세요.
466,이번 주는 계획했던 일들이 순조롭게 진행될 흐름입니다. 꾸준함이 핵심입니다.,이번 주 행운의 요일은 금요일입니다. 키워드는 '휴식'과 '감사'를 기억하세요.
467,이번 주는 학업이나 자기계발에 집중하기 좋은 에너지입니다. 배움에 투자하세요.,이번 주 행운의 요일은 목요일입니다. 키워드는 '인내'과 '집중'를 기억하세요.
468,이번 주는 직장이나 사업에서 좋은 평가를 받을 수 있는 흐름입니다. 최선을 다해보세요.,이번 주 행운의 요일은 토요일입니다. 키워드는 '집중'과 '감사'를 기억하세요.
469,이번 주는 건강 관리에 신경 써야 할 시기입니다. 충분한 휴식이 다음 주 도약의 발판이 됩니다.,이번 주 행운의 요일은 토요일입니다. 키워드는 '집중'과 '감사'를 기억하세요.
470,이번 주는 학업이나 자기계발에 집중하기 좋은 에너지입니다. 배움에 투자하세요.,이번 주 행운의 요일은 토요일입니다. 키워드는 '집중'과 '배움'를 기억하세요.
471,이번 주는 가족과의 시간이 큰 위안이 될 것입니다. 소중한 사람들과 함께하세요.,이번 주 행운의 요일은 월요일입니다. 키워드는 '변화'과 '배움'를 기억하세요.
472,이번 주 중반부터 좋은 기운이 흘러들어옵니다. 수요일 이후 중요한 결정은 신중하게 하세요.,이번 주 행운의 요일은 토요일입니다. 키워드는 '집중'과 '인내'를 기억하세요.
473,이번 주는 직장이나 사업에서 좋은 평가를 받을 수 있는 흐름입니다. 최선을 다해보세요.,이번 주 행운의 요일은 월요일입니다. 키워드는 '성장'과 '소통'를 기억하세요.
474,이번 주는 인간관계에서 뜻밖의 도움을 받을 수 있습니다. 주변 사람들과의 소통을 늘려보세요.,이번 주 행운의 요일은 월요일입니다. 키워드는 '인내'과 '감사'를 기억하세요.
475,이번 주는 창의적인 아이디어가 넘치는 한 주가 될 것입니다. 메모하는 습관을 들여보세요.,이번 주 행운의 요일은 금요일입니다. 키워드는 '소통'과 '소통'를 기억하세요.
476,이번 주는 창의적인 아이디어가 넘치는 한 주가 될 것입니다. 메모하는 습관을 들여보세요.,이번 주 행운의 요일은 금요일입니다. 키워드는 '변화'과 '성장'를 기억하세요.
477,이번 주는 주변 환경의 변화가 긍정적인 영향을 줄 수 있습니다. 변화를 두려워하지 마세요.,이번 주 행운의 요일은 토요일입니다. 키워드는 '인내'과 '변화'를 기억하세요.
478,이번 주 중반부터 좋은 기운이 흘러들어옵니다. 수요일 이후 중요한 결정은 신중하게 하세요.,이번 주 행운의 요일은 토요일입니다. 키워드는 '집중'과 '성장'를 기억하세요.
479,이번 주는 새로운 만남이 기다리고 있습니다. 첫인상에 신경 써보세요.,이번 주 행운의 요일은 수요일입니다. 키워드는 '배움'과 '집중'를 기억하세요.
480,이번 주는 주변 환경의 변화가 긍정적인 영향을 줄 수 있습니다. 변화를 두려워하지 마세요.,이번 주 행운의 요일은 화요일입니다. 키워드는 '도전'과 '휴식'를 기억하세요.
481,이번 주는 학업이나 자기계발에 집중하기 좋은 에너지입니다. 배움에 투자하세요.,이번 주 행운의 요일은 월요일입니다. 키워드는 '변화'과 '배움'를 기억하세요.
482,이번 주는 주변 환경의 변화가 긍정적인 영향을 줄 수 있습니다. 변화를 두려워하지 마세요.,이번 주 행운의 요일은 일요일입니다. 키워드는 '인내'과 '변화'를 기억하세요.
483,이번 주는 인간관계에서 뜻밖의 도움을 받을 수 있습니다. 주변 사람들과의 소통을 늘려보세요.,이번 주 행운의 요일은 금요일입니다. 키워드는 '기회'과 '성장'를 기억하세요.
484,이번 주는 인간관계에서 뜻밖의 도움을 받을 수 있습니다. 주변 사람들과의 소통을 늘려보세요.,이번 주 행운의 요일은 목요일입니다. 키워드는 '변화'과 '도전'를 기억하세요.
485,이번 주는 리더십을 발휘할 기회가 찾아올 수 있습니다. 자신감 있게 앞장서 보세요.,이번 주 행운의 요일은 금요일입니다. 키워드는 '휴식'과 '도전'를 기억하세요.
486,이번 주는 가족과의 시간이 큰 위안이 될 것입니다. 소중한 사람들과 함께하세요.,이번 주 행운의 요일은 수요일입니다. 키워드는 '성장'과 '휴식'를 기억하세요.
487,이번 주는 직장이나 사업에서 좋은 평가를 받을 수 있는 흐름입니다. 최선을 다해보세요.,이번 주 행운의 요일은 일요일입니다. 키워드는 '휴식'과 '집중'를 기억하세요.
488,이번 주는 창의적인 아이디어가 넘치는 한 주가 될 것입니다. 메모하는 습관을 들여보세요.,이번 주 행운의 요일은 화요일입니다. 키워드는 '성장'과 '성장'를 기억하세요.
489,이번 주는 리더십을 발휘할 기회가 찾아올 수 있습니다. 자신감 있게 앞장서 보세요.,이번 주 행운의 요일은 월요일입니다. 키워드는 '성장'과 '인내'를 기억하세요.
490,이번 주는 새로운 시작을 알리는 에너지가 강합니다. 월요일부터 적극적으로 움직이면 좋은 결과가 따라옵니다.,이번 주 행운의 요일은 토요일입니다. 키워드는 '집중'과 '성장'를 기억하세요.
491,이번 주는 창의적인 아이디어가 넘치는 한 주가 될 것입니다. 메모하는 습관을 들여보세요.,이번 주 행운의 요일은 일요일입니다. 키워드는 '소통'과 '성장'를 기억하세요.
492,이번 주는 재물운이 상승하는 흐름입니다. 작은 투자나 저축을 시작하기 좋은 시기입니다.,이번 주 행운의 요일은 목요일입니다. 키워드는 '감사'과 '감사'를 기억하세요.
493,이번 주는 리더십을 발휘할 기회가 찾아올 수 있습니다. 자신감 있게 앞장서 보세요.,이번 주 행운의 요일은 월요일입니다. 키워드는 '소통'과 '성장'를 기억하세요.
494,이번 주 중반부터 좋은 기운이 흘러들어옵니다. 수요일 이후 중요한 결정은 신중하게 하세요.,이번 주 행운의 요일은 월요일입니다. 키워드는 '소통'과 '기회'를 기억하세요.
495,이번 주는 새로운 만남이 기다리고 있습니다. 첫인상에 신경 써보세요.,이번 주 행운의 요일은 일요일입니다. 키워드는 '도전'과 '인내'를 기억하세요.
496,이번 주는 주변 환경의 변화가 긍정적인 영향을 줄 수 있습니다. 변화를 두려워하지 마세요.,이번 주 행운의 요일은 수요일입니다. 키워드는 '도전'과 '도전'를 기억하세요.
497,이번 주는 리더십을 발휘할 기회가 찾아올 수 있습니다. 자신감 있게 앞장서 보세요.,이번 주 행운의 요일은 목요일입니다. 키워드는 '집중'과 '변화'를 기억하세요.
498,이번 주는 새로운 만남이 기다리고 있습니다. 첫인상에 신경 써보세요.,이번 주 행운의 요일은 토요일입니다. 키워드는 '휴식'과 '도전'를 기억하세요.
499,이번 주는 감정적으로 안정된 흐름입니다. 오래된 갈등이 자연스럽게 해소될 수 있습니다.,이번 주 행운의 요일은 수요일입니다. 키워드는 '휴식'과 '인내'를 기억하세요.
500,이번 주는 인간관계에서 뜻밖의 도움을 받을 수 있습니다. 주변 사람들과의 소통을 늘려보세요.,이번 주 행운의 요일은 목요일입니다. 키워드는 '기회'과 '인내'를 기억하세요.
